渠道,客户名称,订单日期,客户PO,客户产品代码,雀巢产品代码,Plant/区域,产品名称,BU,数量,雀巢 SAP PO,C4开票价,价差,箱价,TPP扣点,实际扣点,客户要求送货日,客户价格,雀巢价格,单价价差,产品行价差,订单总金额价差,起送日,物流模式,问题分类,问题详细描述,备注
01 NKA,家乐福,2021/11/30,1028801671,124127666,12477189,1098,雀巢咖啡1+2原味15g*30,Coffee,2,1028801671YK,,,379.05,,,2021/12/01,35.7080,,,,,,,订单已取消,客户系统显示订单已取消,
01 NKA,家乐福,2021/11/30,1028801019,124231084,12409460,1098,雀巢 高钙营养奶粉 850g/罐,Dairy,10,1028801019CH,,,401.00,,,2021/12/04,75.5220,,,,,,,订单修改RDD,客户网站交货日期被修改,
01 NKA,家乐福,2021/11/30,1028801019,140665104,12329778,1098,雀巢 怡养健心中老年奶粉800g,Dairy,10,1028801019CH,,,545.00,,,2021/12/04,102.6420,,,,,,,订单修改RDD,客户网站交货日期被修改,
01 NKA,家乐福,2021/12/01,1028822584,11663157370,12476896,1098,雀巢咖啡1+2原味900g,Coffee,10,1028822584CH,,,447.45,,,2021/12/04,66.5290,,,,,,,订单修改RDD,客户网站交货日期被修改,
01 NKA,家乐福,2021/12/06,1028884005,193290839,12417445,1094,雀巢优麦燕麦配方麦片500g,Dairy,1,1028884005YK,200.860400,28.462000,212.00,0.0000,-0.165094,2021/12/08,27.9110,21.20,,,,,,价格差异,不符合价差检查标准,
01 NKA,家乐福,2021/12/06,1028884005,12317000385,12495107,1094,雀巢金牌厚乳风味拿铁条装即溶咖啡饮品95g,Coffee,1,1028884005YK,98.397200,0.000000,121.00,0.0000,0.0000,2021/12/08,13.6730,12.10,,,,,," ",,
01 NKA,家乐福,2021/12/06,1028884005,12274250339,12501705,1094,雀巢咖啡特调果萃系列草莓雪酪风味即溶咖啡饮品@10(5x19g)CN,Coffee,1,1028884005YK,56.924000,0.000000,70.00,0.0000,0.0000,2021/12/08,7.9100,7.00,,,,,," ",,
01 NKA,家乐福,2021/12/06,1028884005,12274250358,12501675,1094,雀巢咖啡特调果萃系列热情百香果风味即溶咖啡饮品@10(5x15g)CN,Coffee,1,1028884005YK,56.924000,0.000000,70.00,0.0000,0.0000,2021/12/08,7.9100,7.00,,,,,," ",,
01 NKA,家乐福,2021/12/06,1028884005,12316195422,12495109,1094,雀巢金牌香草风味玛奇朵条装即溶咖啡饮品95g,Coffee,1,1028884005YK,98.397200,0.000000,121.00,0.0000,0.0000,2021/12/08,13.6730,12.10,,,,,," ",,
01 NKA,家乐福,2021/12/06,1028884005,10836368786,12401216,1094,雀巢金牌至臻原味黑咖啡粉条装12g(6条*2g),Coffee,1,1028884005YK,88.637361,-0.001439,109.00,0.0000,0.000016,2021/12/08,10.2640,9.083333,,,,,," ",,
01 NKA,家乐福,2021/12/06,1028884005,103635918,12494598,1094,雀巢咖啡 醇品 200g,Coffee,1,1028884005YK,574.087536,-0.031664,706.00,0.0000,0.000055,2021/12/08,66.4780,58.833333,,,,,," ",,
01 NKA,家乐福,2021/12/06,1028884005,12316196118,12498226,1094,雀巢爱思培学生力跃奶粉350g,Dairy,1,1028884005YK,374.921182,0.035982,461.00,0.0000,-0.000096,2021/12/08,43.4150,38.416667,,,,,," ",,
01 NKA,家乐福,2021/12/06,1028884005,103635916,12498475,1094,雀巢（Nestle）醇品 速溶 黑咖啡 无蔗糖 冲调饮料 瓶装 50g,Coffee,1,1028884005YK,160.607720,-0.405880,198.00,0.0000,0.002521,2021/12/08,18.5980,16.50,,,,,," ",,
01 NKA,家乐福,2021/12/06,1028884005,103635812,12495343,1094,雀巢 咖啡伴侣 400g,Coffee,1,1028884005YK,258.597600,0.000000,318.00,0.0000,0.0000,2021/12/08,29.9450,26.50,,,,,," ",,
01 NKA,家乐福,2021/12/06,1028884005,134997033,12480459,1094,雀巢咖啡1+2无蔗糖添加双豆拼配条装即溶咖啡77g(新口味7条x11g),Coffee,1,1028884005YK,101.653598,0.003598,125.00,0.0000,-0.000035,2021/12/08,9.4170,8.333333,,,,,," ",,
01 NKA,家乐福,2021/12/06,1028884005,12264536057,12481583,1094,雀巢怡运全脂营养奶粉袋装1kg,Dairy,2,1028884005YK,668.453279,0.002879,411.00,-0.048205,-0.007760,2021/12/08,58.0540,51.375,,,,,," ",,
01 NKA,家乐福,2021/12/06,1028884005,124235753,12417587,1094,雀巢优麦 3合1即食牛奶燕麦片400g(10袋x40g),Dairy,1,1028884005YK,269.170639,0.001439,331.00,0.0000,-0.000005,2021/12/08,23.3770,20.6875,,,,,," ",,
01 NKA,家乐福,2021/12/06,1028884005,12274147641,12501697,1094,雀巢咖啡特调果萃系列沁风桃桃风味即溶咖啡饮品@10(5x15g)CN,Coffee,2,1028884005YK,113.848000,0.000000,70.00,0.0000,0.0000,2021/12/08,7.9100,7.00,,,,,," ",,
01 NKA,家乐福,2021/12/06,1028884005,11724419143,12431506,1094,雀巢营养早餐谷物食品迷你装27g*4,CPW,1,1028884005YK,199.226804,-8.139196,255.00,0.0000,0.039250,2021/12/08,13.8420,12.75,,,,,,价格差异,不符合价差检查标准,
01 NKA,家乐福,2021/12/06,1028884005,12301248100,12482071,1094,雀巢怡运水果加纤营养奶粉香蕉味200g,Dairy,2,1028884005YK,282.993600,0.000000,174.00,0.0000,0.0000,2021/12/08,19.6620,17.40,,,,,," ",,
01 NKA,家乐福,2021/12/06,1028884005,12301249521,12482260,1094,雀巢怡运水果加纤营养奶粉桃子味200g,Dairy,2,1028884005YK,282.993600,0.000000,174.00,0.0000,0.0000,2021/12/08,19.6620,17.40,,,,,," ",,
01 NKA,家乐福,2021/12/06,1028884005,11631130977,12430466,1094,雀巢（Nestle）金牌挂耳咖啡 手冲大师 深度烘焙 45g,Coffee,2,1028884005YK,292.752000,0.000000,180.00,0.0000,0.0000,2021/12/08,16.9500,15.00,,,,,," ",,
01 NKA,家乐福,2021/12/06,1028884005,12174531188,12456722,1094,雀巢(Nestle) 学生奶粉 6-15岁爱思培 青少年 益护因子 益生菌 盒装350g,Dairy,2,1028884005YK,749.773279,0.002879,461.00,0.0000,-0.000004,2021/12/08,43.4110,38.416667,,,,,," ",,
01 NKA,家乐福,2021/12/06,1028884005,11663157360,12376638,1094,雀巢NIDO有机全脂奶粉900g,Dairy,2,1028884005YK,2771.385600,0.000000,1704.00,0.0000,0.0000,2021/12/08,160.4600,142.00,,,,,," ",,
01 NKA,家乐福,2021/12/06,1028884005,12333409373,12502717,1094,雀巢咖啡绝对深黑95%深烘速溶咖啡14.4g,Coffee,2,1028884005YK,207.366000,0.813200,127.00,0.0000,-0.003937,2021/12/08,9.6050,8.466667,,,,,," ",,
01 NKA,家乐福,2021/12/06,1028884005,124090636,12479912,1094,雀巢咖啡1+2特浓双豆拼配条装即溶咖啡 91g(7条x13g),Coffee,2,1028884005YK,203.307196,0.007196,125.00,0.0000,-0.000035,2021/12/08,9.4170,8.333333,,,,,," ",,
01 NKA,家乐福,2021/12/06,1028884005,193290837,12293902,1094,雀巢优麦紫薯香芋牛奶燕麦片 350g,Dairy,2,1028884005YK,538.341279,0.002879,331.00,0.0000,-0.000005,2021/12/08,23.3770,20.6875,,,,,," ",,
01 NKA,家乐福,2021/12/06,1028884005,12174291489,12461587,1094,雀巢（Nestle）怡跃 成人奶粉 女士高蛋白 高钙高铁 安骼脱脂奶粉 350g,Dairy,3,1028884005YK,1097.820000,0.000000,450.00,0.0000,0.0000,2021/12/08,42.3750,37.50,,,,,," ",,
01 NKA,家乐福,2021/12/06,1028884005,124090533,12478718,1094,雀巢咖啡1+2原味双豆拼配条装即溶咖啡 105g(7条x15g),Coffee,3,1028884005YK,304.960795,0.010795,125.00,0.0000,-0.000035,2021/12/08,9.4170,8.333333,,,,,," ",,
01 NKA,家乐福,2021/12/06,1028884005,104431706,12498467,1094,雀巢咖啡 醇品 速溶咖啡 36g/盒(1.8gx20包),Coffee,1,1028884005YK,458.627528,-0.017272,564.00,0.0000,0.000038,2021/12/08,13.2770,11.75,,,,,," ",,
01 NKA,家乐福,2021/12/06,1028884005,793465932,12322429,1094,雀巢 鹰麦炼奶低脂185g,Dairy,2,1028884005YK,377.313286,-0.011514,232.00,0.0000,0.000031,2021/12/08,10.9230,9.666667,,,,,," ",,
01 NKA,家乐福,2021/12/06,1028884005,124089590,12479927,1094,雀巢咖啡1+2奶香双豆拼配条装即溶咖啡 105g(7条x15g),Coffee,4,1028884005YK,406.614393,0.014393,125.00,0.0000,-0.000035,2021/12/08,9.4170,8.333333,,,,,," ",,
01 NKA,家乐福,2021/12/06,1028887307,103774181,,1098,雀巢（Nestle）宝贝营养+金装燕麦营养米粉（8-36个月）225克（9包X25克）,,1,1028887307YK,,,,,,2021/12/08,27.8730,,,,,,,产品编码有误,客户网站产品编码无法通过信息表mapping出雀巢产品,
01 NKA,家乐福,2021/12/06,1028887307,103774182,,1098,雀巢钙铁锌营养米粉225g,,3,1028887307YK,,,,,,2021/12/08,27.8730,,,,,,,产品编码有误,客户网站产品编码无法通过信息表mapping出雀巢产品,
01 NKA,家乐福,2021/12/06,1028887307,103636475,,1098,雀巢超级能恩2配方奶粉800G,,1,1028887307YK,,,,,,2021/12/08,289.8450,,,,,,,产品编码有误,客户网站产品编码无法通过信息表mapping出雀巢产品,
01 NKA,家乐福,2021/12/06,1028887307,102878793,,1098,雀巢能恩2配方奶粉听装900克,,1,1028887307YK,,,,,,2021/12/08,176.2800,,,,,,,产品编码有误,客户网站产品编码无法通过信息表mapping出雀巢产品,
01 NKA,家乐福,2021/12/06,1028887307,103774183,,1098,雀巢菠菜营养米粉225g,,7,1028887307YK,,,,,,2021/12/08,27.8730,,,,,,,产品编码有误,客户网站产品编码无法通过信息表mapping出雀巢产品,
01 NKA,家乐福,2021/12/06,1028887750,127978751,,1098,雀巢(Nestle)力多精金装较大婴儿配方奶粉2段（6-12个月）900g 克,,2,1028887750YK,,,,,,2021/12/08,144.2630,,,,,,,产品编码有误,客户网站产品编码无法通过信息表mapping出雀巢产品,
01 NKA,家乐福,2021/12/06,1028887750,103774184,,1098,雀巢什锦水果营养米粉225g,,11,1028887750YK,,,,,,2021/12/08,27.8730,,,,,,,产品编码有误,客户网站产品编码无法通过信息表mapping出雀巢产品,
01 NKA,家乐福,2021/12/06,1028887750,127980359,,1098,雀巢Nestle力多精金装3段幼儿配方奶粉900g克罐装（12-36个月适用）,,5,1028887750YK,,,,,,2021/12/08,139.7430,,,,,,,产品编码有误,客户网站产品编码无法通过信息表mapping出雀巢产品,
01 NKA,家乐福,2021/12/06,1028887750,127965733,,1098,雀巢力多精金装1奶粉,,1,1028887750YK,,,,,,2021/12/08,147.8420,,,,,,,产品编码有误,客户网站产品编码无法通过信息表mapping出雀巢产品,
01 NKA,家乐福,2021/12/06,1028887750,125462263,,1098,雀巢金装宝贝营养+胡萝卜营养米粉225g,,5,1028887750YK,,,,,,2021/12/08,27.8730,,,,,,,产品编码有误,客户网站产品编码无法通过信息表mapping出雀巢产品,
01 NKA,家乐福,2021/12/06,1028888797,11684453525,,1097,康多乐鸡肉肝蔬菜味成犬全价犬粮8kg,,16,1028888797YKNPP,,,,,,2021/12/08,130.8000,,,,,,,产品编码有误,客户网站产品编码无法通过信息表mapping出雀巢产品,
01 NKA,家乐福,2021/12/06,1028888797,11684453566,,1097,珍致精选金枪鱼肉+鲣鱼+明虾85g,,2,1028888797YKNPP,,,,,,2021/12/08,6.1770,,,,,,,产品编码有误,客户网站产品编码无法通过信息表mapping出雀巢产品,
01 NKA,家乐福,2021/12/06,1028889223,638039982,,1097,雀巢咖啡罐装500g,,18,1028889223YK,,,,,,2021/12/08,124.1120,,,,,,,产品编码有误,客户网站产品编码无法通过信息表mapping出雀巢产品,
01 NKA,家乐福,2021/12/06,1028889223,103638106,12483914,1097,雀巢怡养 中老年奶粉400g(16袋x25g),Dairy,1,1028889223YK,322.925318,-37.322282,443.00,0.0000,0.103602,2021/12/08,37.3940,36.916667,,,,,,价格差异,不符合价差检查标准,
01 NKA,家乐福,2021/12/06,1028889223,134995883,12477184,1097,雀巢咖啡1+2无蔗糖添加双豆拼配条装即溶咖啡330g(新口味30条x11g）,Coffee,2,1028889223YK,616.730880,7.697280,379.05,0.05,0.002236,2021/12/08,35.7080,31.5875,,,,,," ",,
01 NKA,家乐福,2021/12/06,1028889223,134912867,,1097,雀巢天天脆麦片150g,,22,1028889223YK,,,,,,2021/12/08,7.3630,,,,,,,产品编码有误,客户网站产品编码无法通过信息表mapping出雀巢产品,
01 NKA,家乐福,2021/12/06,1028889223,11663158121,,1097,雀巢鹰唛炼奶小条装 5X20g,,15,1028889223YK,,,,,,2021/12/08,8.0230,,,,,,,产品编码有误,客户网站产品编码无法通过信息表mapping出雀巢产品,
01 NKA,家乐福,2021/12/06,1028888792,11503123276,12425036,1097,雀巢脆谷乐营养谷物食品300g,CPW,1,1028888792YK,191.102000,0.000000,235.00,0.0000,0.0000,2021/12/08,26.5550,23.50,,,,,," ",,
01 NKA,家乐福,2021/12/06,1028888792,12316195422,12495109,1097,雀巢金牌香草风味玛奇朵条装即溶咖啡饮品95g,Coffee,1,1028888792YK,95.468241,-2.928959,121.00,0.0000,0.029767,2021/12/08,13.2660,12.10,,,,,,价格差异,不符合价差检查标准,
01 NKA,家乐福,2021/12/06,1028888792,12301249521,12482260,1097,雀巢怡运水果加纤营养奶粉桃子味200g,Dairy,1,1028888792YK,141.496800,0.000000,174.00,0.0000,0.0000,2021/12/08,19.6620,17.40,,,,,," ",,
01 NKA,家乐福,2021/12/06,1028888792,12274250339,12501705,1097,雀巢咖啡特调果萃系列草莓雪酪风味即溶咖啡饮品@10(5x19g)CN,Coffee,1,1028888792YK,54.045416,-2.878584,70.00,0.0000,0.050569,2021/12/08,7.5100,7.00,,,,,,价格差异,不符合价差检查标准,
01 NKA,家乐福,2021/12/06,1028888792,10557881569,12342813,1097,雀巢NIDO全脂高钙奶粉立袋装900g,Dairy,9,1028888792YK,5935.533846,-0.012954,811.00,0.0000,0.000002,2021/12/08,76.3690,67.583333,,,,,," ",,
01 NKA,家乐福,2021/12/06,1028888792,103635918,12494598,1097,雀巢咖啡 醇品 200g,Coffee,1,1028888792YK,539.639520,-34.479680,706.00,0.0000,0.060057,2021/12/08,62.4890,58.833333,,,,,,价格差异,不符合价差检查标准,
01 NKA,家乐福,2021/12/06,1028888792,11824844499,12443652,1097,星巴克Origami 特选综合便携式滴滤咖啡（研磨咖啡）45克（内含5包）,Coffee,2,1028888792YK,344.799679,0.002879,212.00,0.0000,-0.000008,2021/12/08,39.9270,35.333333,,,,,," ",,
01 NKA,家乐福,2021/12/06,1028888792,124232772,12483915,1097,雀巢(Nestle)怡养健心中老年奶粉400g,Dairy,1,1028888792YK,412.538519,-21.710281,534.00,0.0000,0.049995,2021/12/08,47.7710,44.50,,,,,,价格差异,不符合价差检查标准,
01 NKA,家乐福,2021/12/06,1028888792,11631130977,12430466,1097,雀巢（Nestle）金牌挂耳咖啡 手冲大师 深度烘焙 45g,Coffee,1,1028888792YK,139.156511,-7.219489,180.00,0.0000,0.049322,2021/12/08,16.1140,15.00,,,,,,价格差异,不符合价差检查标准,
01 NKA,家乐福,2021/12/06,1028888792,103635812,12495343,1097,雀巢 咖啡伴侣 400g,Coffee,1,1028888792YK,258.597600,0.000000,318.00,0.0000,0.0000,2021/12/08,29.9450,26.50,,,,,," ",,
01 NKA,家乐福,2021/12/06,1028888792,12279129751,12496119,1097,雀巢怡养益护因子中老年奶粉1400g,Dairy,4,1028888792YK,1136.853600,-69.935200,371.00,0.0000,0.057951,2021/12/08,131.6450,123.666667,,,,,,价格差异,不符合价差检查标准,
01 NKA,家乐福,2021/12/06,1028888792,10733404801,12453381,1097,雀巢金牌咖啡至雅柔和100g,Coffee,1,1028888792YK,595.469658,-38.013142,779.00,0.0000,0.060007,2021/12/08,68.9540,64.916667,,,,,,价格差异,不符合价差检查标准,
01 NKA,家乐福,2021/12/06,1028888792,12333409373,12502717,1097,雀巢咖啡绝对深黑95%深烘速溶咖啡14.4g,Coffee,8,1028888792YK,829.464000,3.252800,127.00,0.0000,-0.003937,2021/12/08,9.6050,8.466667,,,,,," ",,
01 NKA,家乐福,2021/12/06,1028888792,11738016366,12442059,1097,星巴克中度烘焙精品速溶咖啡23克（内含10条）,Coffee,2,1028888792YK,414.573678,-0.158322,255.00,0.0000,0.000382,2021/12/08,36.0050,31.875,,,,,," ",,
01 NKA,家乐福,2021/12/06,1028888792,135000912,12326620,1097,雀巢咖啡 馆藏系列 臻享白咖啡580g(20条x29g),Coffee,1,1028888792YK,475.726318,0.004318,585.00,0.0000,-0.000009,2021/12/08,41.3160,36.5625,,,,,," ",,
01 NKA,家乐福,2021/12/06,1028888792,617568833,,1097,雀巢怡养金装高纤二合一中老年燕麦片350g,,1,1028888792YK,,,,,,2021/12/08,21.3290,,,,,,,产品编码有误,客户网站产品编码无法通过信息表mapping出雀巢产品,
01 NKA,家乐福,2021/12/06,1028888792,193290837,12293902,1097,雀巢优麦紫薯香芋牛奶燕麦片 350g,Dairy,1,1028888792YK,269.170639,0.001439,331.00,0.0000,-0.000005,2021/12/08,23.3770,20.6875,,,,,," ",,
01 NKA,家乐福,2021/12/06,1028888792,134908471,,1097,雀巢可可味滋滋谷物早餐300g,,20,1028888792YK,,,,,,2021/12/08,22.9600,,,,,,,产品编码有误,客户网站产品编码无法通过信息表mapping出雀巢产品,
01 NKA,家乐福,2021/12/06,1028888792,134908147,12210627,1097,雀巢蛋奶星星谷物早餐300g,CPW,21,1028888792YK,2775.876191,-0.022669,162.55,0.0000,0.000008,2021/12/08,22.9600,20.31875,,,,,," ",,
01 NKA,家乐福,2021/12/06,1028888792,140159528,,1097,雀巢金牌法式烘焙咖啡礼盒150g,,3,1028888792YK,,,,,,2021/12/08,168.9350,,,,,,,产品编码有误,客户网站产品编码无法通过信息表mapping出雀巢产品,
01 NKA,家乐福,2021/12/06,1028888792,12207432889,,1097,雀巢咖啡金牌手冲大师研磨礼盒,,33,1028888792YK,,,,,,2021/12/08,116.1080,,,,,,,产品编码有误,客户网站产品编码无法通过信息表mapping出雀巢产品,
01 NKA,家乐福,2021/12/06,1028888792,11272864621,12495904,1097,雀巢可可味滋滋营养早餐谷物食品330g,CPW,2,1028888792YK,332.274959,-49.929041,235.00,0.0000,0.130635,2021/12/08,23.0860,23.50,,,,,,价格差异,不符合价差检查标准,
01 NKA,家乐福,2021/12/06,1028888792,11724419143,12431506,1097,雀巢营养早餐谷物食品迷你装27g*4,CPW,1,1028888792YK,199.226804,-8.139196,255.00,0.0000,0.039250,2021/12/08,13.8420,12.75,,,,,,价格差异,不符合价差检查标准,
01 NKA,家乐福,2021/12/06,1028888792,10581890190,,1097,雀巢脆香牛奶燕麦片紫薯红豆味180g,,20,1028888792YK,,,,,,2021/12/08,22.5670,,,,,,,产品编码有误,客户网站产品编码无法通过信息表mapping出雀巢产品,
01 NKA,家乐福,2021/12/06,1028888792,10581890191,,1097,雀巢脆香牛奶燕麦片绿茶味180g,,22,1028888792YK,,,,,,2021/12/08,22.5670,,,,,,,产品编码有误,客户网站产品编码无法通过信息表mapping出雀巢产品,
01 NKA,家乐福,2021/12/06,1028888792,11663157360,12376638,1097,雀巢NIDO有机全脂奶粉900g,Dairy,2,1028888792YK,2771.385600,0.000000,1704.00,0.0000,0.0000,2021/12/08,160.4600,142.00,,,,,," ",,
01 NKA,家乐福,2021/12/06,1028888792,103635916,12498475,1097,雀巢（Nestle）醇品 速溶 黑咖啡 无蔗糖 冲调饮料 瓶装 50g,Coffee,2,1028888792YK,321.215439,-0.811761,198.00,0.0000,0.002521,2021/12/08,18.5980,16.50,,,,,," ",,
01 NKA,家乐福,2021/12/06,1028888792,104431708,12495353,1097,雀巢（Nestle）咖啡伴侣瓶装200g,Coffee,2,1028888792YK,297.639836,0.008636,183.00,0.0000,-0.000029,2021/12/08,17.2330,15.25,,,,,," ",,
01 NKA,家乐福,2021/12/06,1028888792,10581890193,,1097,雀巢可可味滋滋150g,,20,1028888792YK,,,,,,2021/12/08,13.7570,,,,,,,产品编码有误,客户网站产品编码无法通过信息表mapping出雀巢产品,
01 NKA,家乐福,2021/12/06,1028888792,10581890194,,1097,雀巢脆谷乐150g,,21,1028888792YK,,,,,,2021/12/08,13.7570,,,,,,,产品编码有误,客户网站产品编码无法通过信息表mapping出雀巢产品,
01 NKA,家乐福,2021/12/06,1028888792,10581890195,,1097,雀巢蜂蜜脆谷乐150g,,21,1028888792YK,,,,,,2021/12/08,13.7570,,,,,,,产品编码有误,客户网站产品编码无法通过信息表mapping出雀巢产品,
01 NKA,家乐福,2021/12/06,1028888792,10581890192,,1097,雀巢蛋奶星星150g,,23,1028888792YK,,,,,,2021/12/08,13.7570,,,,,,,产品编码有误,客户网站产品编码无法通过信息表mapping出雀巢产品,
01 NKA,家乐福,2021/12/06,1028888792,11503110098,12424790,1097,雀巢蜂蜜脆谷乐营养谷物食品300g,CPW,3,1028888792YK,573.306000,0.000000,235.00,0.0000,0.0000,2021/12/08,26.5550,23.50,,,,,," ",,
01 NKA,家乐福,2021/12/06,1028888792,12333409371,12505197,1097,雀巢咖啡绝对深黑拿铁即溶咖啡饮品126g,Coffee,2,1028888792YK,302.510400,0.000000,186.00,0.0000,0.0000,2021/12/08,14.0120,12.40,,,,,," ",,
01 NKA,家乐福,2021/12/06,1028888792,12264536057,12481583,1097,雀巢怡运全脂营养奶粉袋装1kg,Dairy,4,1028888792YK,1336.906557,0.005757,411.00,-0.048205,-0.007760,2021/12/08,58.0540,51.375,,,,,," ",,
01 NKA,家乐福,2021/12/06,1028888792,11663158711,12245095,1097,雀巢玉米片150g,CPW,2,1028888792YK,282.155932,-26.860068,190.00,0.0000,0.086921,2021/12/08,10.8910,10.555556,,,,,,价格差异,不符合价差检查标准,
01 NKA,家乐福,2021/12/06,1028888792,12316196118,12498226,1097,雀巢爱思培学生力跃奶粉350g,Dairy,3,1028888792YK,1068.544800,-56.110800,461.00,0.0000,0.049892,2021/12/08,41.2450,38.416667,,,,,,价格差异,不符合价差检查标准,
01 NKA,家乐福,2021/12/06,1028888792,122493491,12492096,1097,雀巢全家营养奶粉枕装300g,Dairy,3,1028888792YK,463.998966,0.474966,190.00,0.0000,-0.001025,2021/12/08,17.9100,15.833333,,,,,," ",,
01 NKA,家乐福,2021/12/06,1028888792,134911988,12278672,1097,雀巢谷物早餐迷你装108g/盒(27gx4g),CPW,19,1028888792YK,2845.408389,0.143569,184.15,0.0000,-0.000050,2021/12/08,10.4050,9.2075,,,,,," ",,
01 NKA,家乐福,2021/12/06,1028888792,104431706,12498467,1097,雀巢咖啡 醇品 速溶咖啡 36g/盒(1.8gx20包),Coffee,1,1028888792YK,458.627528,-0.017272,564.00,0.0000,0.000038,2021/12/08,13.2770,11.75,,,,,," ",,
01 NKA,家乐福,2021/12/06,1028888792,12174291489,12461587,1097,雀巢（Nestle）怡跃 成人奶粉 女士高蛋白 高钙高铁 安骼脱脂奶粉 350g,Dairy,4,1028888792YK,1463.760000,0.000000,450.00,0.0000,0.0000,2021/12/08,42.3750,37.50,,,,,," ",,
01 NKA,家乐福,2021/12/06,1028888792,12314539036,12500242,1097,雀巢怡养高蛋白高钙中老年奶粉675g,Dairy,1,1028888792YK,226.688496,-11.904384,293.40,0.0000,0.049894,2021/12/08,52.5000,48.90,,,,,,价格差异,不符合价差检查标准,
01 NKA,家乐福,2021/12/06,1028888792,10737651795,12481866,1097,雀巢脱脂高钙奶粉袋装400g,Dairy,5,1028888792YK,1691.441607,-0.014393,416.00,0.0000,0.000009,2021/12/08,39.1730,34.666667,,,,,," ",,
01 NKA,家乐福,2021/12/06,1028888792,12274147641,12501697,1097,雀巢咖啡特调果萃系列沁风桃桃风味即溶咖啡饮品@10(5x15g)CN,Coffee,7,1028888792YK,378.317912,-20.150088,70.00,0.0000,0.050569,2021/12/08,7.5100,7.00,,,,,,价格差异,不符合价差检查标准,
01 NKA,家乐福,2021/12/06,1028888792,11738016413,12441219,1097,星巴克深度烘焙精品速溶咖啡23克（内含10条）,Coffee,1,1028888792YK,207.286839,-0.079161,255.00,0.0000,0.000382,2021/12/08,36.0050,31.875,,,,,," ",,
01 NKA,家乐福,2021/12/06,1028888792,140159806,,1097,雀巢咖啡礼盒醇品200g+咖啡伴侣400g,,14,1028888792YK,,,,,,2021/12/08,110.2120,,,,,,,产品编码有误,客户网站产品编码无法通过信息表mapping出雀巢产品,
01 NKA,家乐福,2021/12/06,1028887306,11684453525,,1098,康多乐鸡肉肝蔬菜味成犬全价犬粮8kg,,4,1028887306YKNPP,,,,,,2021/12/08,130.8000,,,,,,,产品编码有误,客户网站产品编码无法通过信息表mapping出雀巢产品,
01 NKA,家乐福,2021/12/06,1028887306,11684453536,,1098,康多乐牛肉肝蔬菜味成犬全价犬粮8kg,,6,1028887306YKNPP,,,,,,2021/12/08,130.8000,,,,,,,产品编码有误,客户网站产品编码无法通过信息表mapping出雀巢产品,
01 NKA,家乐福,2021/12/06,1028887303,10581890191,,1098,雀巢脆香牛奶燕麦片绿茶味180g,,1,1028887303YK,,,,,,2021/12/08,22.5670,,,,,,,产品编码有误,客户网站产品编码无法通过信息表mapping出雀巢产品,
01 NKA,家乐福,2021/12/06,1028887303,12274250358,12501675,1098,雀巢咖啡特调果萃系列热情百香果风味即溶咖啡饮品@10(5x15g)CN,Coffee,1,1028887303YK,56.924000,0.000000,70.00,0.0000,0.0000,2021/12/08,7.9100,7.00,,,,,," ",,
01 NKA,家乐福,2021/12/06,1028887303,12314539036,12500242,1098,雀巢怡养高蛋白高钙中老年奶粉675g,Dairy,2,1028887303YK,453.376991,-23.808769,293.40,0.0000,0.049894,2021/12/08,52.5000,48.90,,,,,,价格差异,不符合价差检查标准,
01 NKA,家乐福,2021/12/06,1028887303,11631130977,12430466,1098,雀巢（Nestle）金牌挂耳咖啡 手冲大师 深度烘焙 45g,Coffee,1,1028887303YK,146.376000,0.000000,180.00,0.0000,0.0000,2021/12/08,16.9500,15.00,,,,,," ",,
01 NKA,家乐福,2021/12/06,1028887303,12174531188,12456722,1098,雀巢(Nestle) 学生奶粉 6-15岁爱思培 青少年 益护因子 益生菌 盒装350g,Dairy,1,1028887303YK,374.886639,0.001439,461.00,0.0000,-0.000004,2021/12/08,43.4110,38.416667,,,,,," ",,
01 NKA,家乐福,2021/12/06,1028887303,638040027,12408055,1098,雀巢全脂高钙奶粉（调制乳粉）900g/罐,Dairy,2,1028887303YK,870.121121,-0.002879,535.00,0.0000,0.000003,2021/12/08,100.7580,89.166667,,,,,," ",,
01 NKA,家乐福,2021/12/06,1028887303,103635812,12495343,1098,雀巢 咖啡伴侣 400g,Coffee,1,1028887303YK,258.597600,0.000000,318.00,0.0000,0.0000,2021/12/08,29.9450,26.50,,,,,," ",,
01 NKA,家乐福,2021/12/06,1028887303,12232655239,12462280,1098,雀巢金牌手冲大师南意·夏浓研磨咖啡63g,Coffee,1,1028887303YK,315.524479,0.002879,388.00,0.0000,-0.000009,2021/12/08,36.5370,32.333333,,,,,," ",,
01 NKA,家乐福,2021/12/06,1028887303,11025951620,12404815,1098,雀巢咖啡特调果萃系列椰香凤梨风味即溶咖啡饮品120g,Coffee,12,1028887303YK,985.598400,0.000000,101.00,0.0000,0.0000,2021/12/08,11.4130,10.10,,,,,," ",,
01 NKA,家乐福,2021/12/06,1028887303,140159806,12077571,1098,雀巢咖啡礼盒醇品200g+咖啡伴侣400g,Coffee,25,1028887303YK,11897.151982,-626.128018,616.00,0.0000,0.049997,2021/12/08,110.2130,102.666667,,,,,,价格差异,不符合价差检查标准,
01 NKA,家乐福,2021/12/06,1028887303,124235753,12417587,1098,雀巢优麦 3合1即食牛奶燕麦片400g(10袋x40g),Dairy,1,1028887303YK,269.170639,0.001439,331.00,0.0000,-0.000005,2021/12/08,23.3770,20.6875,,,,,," ",,
01 NKA,家乐福,2021/12/06,1028887303,11663157286,,1098,雀巢1+2原味60条15g*60,,2,1028887303YK,,,,,,2021/12/08,55.2290,,,,,,,产品编码有误,客户网站产品编码无法通过信息表mapping出雀巢产品,
01 NKA,家乐福,2021/12/06,1028887303,12207432889,,1098,雀巢咖啡金牌手冲大师研磨礼盒,,29,1028887303YK,,,,,,2021/12/08,116.1080,,,,,,,产品编码有误,客户网站产品编码无法通过信息表mapping出雀巢产品,
01 NKA,家乐福,2021/12/06,1028887303,10595719440,12512172,1098,雀巢全脂高钙奶粉375g,Dairy,1,1028887303YK,402.534000,0.000000,495.00,0.0000,0.0000,2021/12/08,31.0750,27.50,,,,,," ",,
01 NKA,家乐福,2021/12/06,1028887303,11503110098,12424790,1098,雀巢蜂蜜脆谷乐营养谷物食品300g,CPW,2,1028887303YK,382.204000,0.000000,235.00,0.0000,0.0000,2021/12/08,26.5550,23.50,,,,,," ",,
01 NKA,家乐福,2021/12/06,1028887303,193290839,12417445,1098,雀巢优麦燕麦配方麦片500g,Dairy,2,1028887303YK,401.720800,56.924000,212.00,0.0000,-0.165094,2021/12/08,27.9110,21.20,,,,,,价格差异,不符合价差检查标准,
01 NKA,家乐福,2021/12/06,1028887303,12317000385,12495107,1098,雀巢金牌厚乳风味拿铁条装即溶咖啡饮品95g,Coffee,2,1028887303YK,196.794400,0.000000,121.00,0.0000,0.0000,2021/12/08,13.6730,12.10,,,,,," ",,
01 NKA,家乐福,2021/12/06,1028887303,12316195422,12495109,1098,雀巢金牌香草风味玛奇朵条装即溶咖啡饮品95g,Coffee,2,1028887303YK,196.794400,0.000000,121.00,0.0000,0.0000,2021/12/08,13.6730,12.10,,,,,," ",,
01 NKA,家乐福,2021/12/06,1028887303,12314345846,12495121,1098,雀巢咖啡5杯装 绵醇卡布奇诺口味 95g,Coffee,2,1028887303YK,196.794400,0.000000,121.00,0.0000,0.0000,2021/12/08,13.6730,12.10,,,,,," ",,
01 NKA,家乐福,2021/12/06,1028887303,144750705,12453277,1098,雀巢(NESTLE)金 牌GOLD 瑞士原装进口 进口速溶咖啡50g,Coffee,2,1028887303YK,700.981279,0.002879,431.00,0.0000,-0.000004,2021/12/08,40.5860,35.916667,,,,,," ",,
01 NKA,家乐福,2021/12/06,1028887303,10733404801,12453381,1098,雀巢金牌咖啡至雅柔和100g,Coffee,2,1028887303YK,1266.968479,0.002879,779.00,0.0000,-0.000002,2021/12/08,73.3560,64.916667,,,,,," ",,
01 NKA,家乐福,2021/12/06,1028887303,10733404801,12362972,1098,雀巢金牌咖啡至雅柔和100g,Coffee,2,1028887303YK,1266.968479,0.002879,779.00,0.0000,-0.000002,2021/12/08,73.3560,64.916667,,,,,," ",,
01 NKA,家乐福,2021/12/06,1028887303,124232772,12483915,1098,雀巢(Nestle)怡养健心中老年奶粉400g,Dairy,2,1028887303YK,868.497600,0.000000,534.00,0.0000,0.0000,2021/12/08,50.2850,44.50,,,,,," ",,
01 NKA,家乐福,2021/12/06,1028887303,140159528,,1098,雀巢金牌法式烘焙咖啡礼盒150g,,4,1028887303YK,,,,,,2021/12/08,168.9350,,,,,,,产品编码有误,客户网站产品编码无法通过信息表mapping出雀巢产品,
01 NKA,家乐福,2021/12/06,1028887303,103635916,12498475,1098,雀巢（Nestle）醇品 速溶 黑咖啡 无蔗糖 冲调饮料 瓶装 50g,Coffee,3,1028887303YK,481.823159,-1.217641,198.00,0.0000,0.002521,2021/12/08,18.5980,16.50,,,,,," ",,
01 NKA,家乐福,2021/12/06,1028887303,124127666,12477189,1098,雀巢咖啡1+2原味15g*30,Coffee,3,1028887303YK,925.096320,11.545920,379.05,0.05,0.002236,2021/12/08,35.7080,31.5875,,,,,," ",,
01 NKA,家乐福,2021/12/06,1028887303,12232655224,12462258,1098,雀巢金牌手冲大师富士·雅酌研磨咖啡63g,Coffee,3,1028887303YK,946.573436,0.008636,388.00,0.0000,-0.000009,2021/12/08,36.5370,32.333333,,,,,," ",,
01 NKA,家乐福,2021/12/06,1028887303,11317088726,12419006,1098,雀巢咖啡特调系列桂花板栗风味即溶咖啡饮品15g*8,Coffee,4,1028887303YK,328.532800,0.000000,101.00,0.0000,0.0000,2021/12/08,11.4130,10.10,,,,,," ",,
01 NKA,家乐福,2021/12/06,1028887303,11663158828,,1098,雀巢纤怡果麦萃蜂蜜燕麦口味300g,,3,1028887303YK,,,,,,2021/12/08,31.9700,,,,,,,产品编码有误,客户网站产品编码无法通过信息表mapping出雀巢产品,
01 NKA,家乐福,2021/12/06,1028887303,12333409373,12502717,1098,雀巢咖啡绝对深黑95%深烘速溶咖啡14.4g,Coffee,3,1028887303YK,311.049000,1.219800,127.00,0.0000,-0.003937,2021/12/08,9.6050,8.466667,,,,,," ",,
01 NKA,家乐福,2021/12/06,1028887303,11663157360,12376638,1098,雀巢NIDO有机全脂奶粉900g,Dairy,4,1028887303YK,5542.771200,0.000000,1704.00,0.0000,0.0000,2021/12/08,160.4600,142.00,,,,,," ",,
01 NKA,家乐福,2021/12/06,1028887303,11663158121,,1098,雀巢鹰唛炼奶小条装 5X20g,,18,1028887303YK,,,,,,2021/12/08,8.0230,,,,,,,产品编码有误,客户网站产品编码无法通过信息表mapping出雀巢产品,
01 NKA,家乐福,2021/12/06,1028887303,617568833,,1098,雀巢怡养金装高纤二合一中老年燕麦片350g,,4,1028887303YK,,,,,,2021/12/08,21.3290,,,,,,,产品编码有误,客户网站产品编码无法通过信息表mapping出雀巢产品,
01 NKA,家乐福,2021/12/06,1028887303,134908471,,1098,雀巢可可味滋滋谷物早餐300g,,9,1028887303YK,,,,,,2021/12/08,22.9600,,,,,,,产品编码有误,客户网站产品编码无法通过信息表mapping出雀巢产品,
01 NKA,家乐福,2021/12/06,1028887303,134910653,,1098,雀巢脆谷乐谷物早餐300g,,1,1028887303YK,,,,,,2021/12/08,22.9600,,,,,,,产品编码有误,客户网站产品编码无法通过信息表mapping出雀巢产品,
01 NKA,家乐福,2021/12/06,1028887303,11738016366,12442059,1098,星巴克中度烘焙精品速溶咖啡23克（内含10条）,Coffee,1,1028887303YK,207.396225,0.030225,255.00,0.0000,-0.000146,2021/12/08,36.0240,31.875,,,,,," ",,
01 NKA,家乐福,2021/12/06,1028887303,134909486,,1098,雀巢蜂蜜脆谷乐谷物早餐300g,,1,1028887303YK,,,,,,2021/12/08,22.9600,,,,,,,产品编码有误,客户网站产品编码无法通过信息表mapping出雀巢产品,
01 NKA,家乐福,2021/12/06,1028887303,11025951526,,1098,雀巢咖啡特调果萃系列冰甜青苹果风味即溶咖啡饮品88g,,9,1028887303YK,,,,,,2021/12/08,11.4130,,,,,,,产品编码有误,客户网站产品编码无法通过信息表mapping出雀巢产品,
01 NKA,家乐福,2021/12/06,1028887748,10581890190,,1098,雀巢脆香牛奶燕麦片紫薯红豆味180g,,1,1028887748YK,,,,,,2021/12/08,22.5670,,,,,,,产品编码有误,客户网站产品编码无法通过信息表mapping出雀巢产品,
01 NKA,家乐福,2021/12/06,1028887748,12316196118,12498226,1098,雀巢爱思培学生力跃奶粉350g,Dairy,1,1028887748YK,356.181600,-18.703600,461.00,0.0000,0.049892,2021/12/08,41.2450,38.416667,,,,,,价格差异,不符合价差检查标准,
01 NKA,家乐福,2021/12/06,1028887748,12232646300,12462259,1098,雀巢金牌手冲大师北寻·浅光研磨咖啡63g,Coffee,1,1028887748YK,315.524479,0.002879,388.00,0.0000,-0.000009,2021/12/08,36.5370,32.333333,,,,,," ",,
01 NKA,家乐福,2021/12/06,1028887748,11631131058,12430465,1098,雀巢（Nestle) 金牌挂耳咖啡 手冲大师 中度烘焙 45g,Coffee,1,1028887748YK,146.376000,0.000000,180.00,0.0000,0.0000,2021/12/08,16.9500,15.00,,,,,," ",,
01 NKA,家乐福,2021/12/06,1028887748,12274147641,12501697,1098,雀巢咖啡特调果萃系列沁风桃桃风味即溶咖啡饮品@10(5x15g)CN,Coffee,2,1028887748YK,113.848000,0.000000,70.00,0.0000,0.0000,2021/12/08,7.9100,7.00,,,,,," ",,
01 NKA,家乐福,2021/12/06,1028887748,12174291489,12461587,1098,雀巢（Nestle）怡跃 成人奶粉 女士高蛋白 高钙高铁 安骼脱脂奶粉 350g,Dairy,2,1028887748YK,731.880000,0.000000,450.00,0.0000,0.0000,2021/12/08,42.3750,37.50,,,,,," ",,
01 NKA,家乐福,2021/12/06,1028887748,12279129751,12496119,1098,雀巢怡养益护因子中老年奶粉1400g,Dairy,8,1028887748YK,2273.707200,-139.870400,371.00,0.0000,0.057951,2021/12/08,131.6450,123.666667,,,,,,价格差异,不符合价差检查标准,
01 NKA,家乐福,2021/12/06,1028887748,12312533118,12342368,1098,雀巢金牌甄选浓郁速溶咖啡80g,Coffee,1,1028887748YK,675.764882,-0.004318,831.00,0.0000,0.000006,2021/12/08,39.1260,34.625,,,,,," ",,
01 NKA,家乐福,2021/12/06,1028885492,12274250354,12501695,1093,雀巢咖啡特调果萃系列香柚莫奇托风味即溶咖啡饮品@10(5x15g)CN,Coffee,1,1028885492YK,54.649919,-2.274081,70.00,0.0000,0.039949,2021/12/08,7.5940,7.00,,,,,,价格差异,不符合价差检查标准,
01 NKA,家乐福,2021/12/06,1028885492,11025951526,,1093,雀巢咖啡特调果萃系列冰甜青苹果风味即溶咖啡饮品88g,,1,1028885492YK,,,,,,2021/12/08,11.4130,,,,,,,产品编码有误,客户网站产品编码无法通过信息表mapping出雀巢产品,
01 NKA,家乐福,2021/12/06,1028885492,124222834,12368771,1093,雀巢咖啡 睿雅摩卡105g(5条*21g),Coffee,1,1028885492YK,98.397200,0.000000,121.00,0.0000,0.0000,2021/12/08,13.6730,12.10,,,,,," ",,
01 NKA,家乐福,2021/12/06,1028885492,11272775871,12410248,1093,雀巢蜜奇星营养早餐谷物食品300g,CPW,1,1028885492YK,166.137480,-24.964520,235.00,0.0000,0.130635,2021/12/08,23.0860,23.50,,,,,,价格差异,不符合价差检查标准,
01 NKA,家乐福,2021/12/06,1028885492,12274147641,12501697,1093,雀巢咖啡特调果萃系列沁风桃桃风味即溶咖啡饮品@10(5x15g)CN,Coffee,1,1028885492YK,54.649919,-2.274081,70.00,0.0000,0.039949,2021/12/08,7.5940,7.00,,,,,,价格差异,不符合价差检查标准,
01 NKA,家乐福,2021/12/06,1028885492,638040008,12409362,1093,雀巢怡跃高纤高钙高铁脱脂奶400g/袋,Dairy,1,1028885492YK,414.732000,0.000000,510.00,0.0000,0.0000,2021/12/08,48.0250,42.50,,,,,," ",,
01 NKA,家乐福,2021/12/06,1028885492,12174531188,12456722,1093,雀巢(Nestle) 学生奶粉 6-15岁爱思培 青少年 益护因子 益生菌 盒装350g,Dairy,1,1028885492YK,374.886639,0.001439,461.00,0.0000,-0.000004,2021/12/08,43.4110,38.416667,,,,,," ",,
01 NKA,家乐福,2021/12/06,1028885492,10737651795,12481866,1093,雀巢脱脂高钙奶粉袋装400g,Dairy,1,1028885492YK,338.288321,-0.002879,416.00,0.0000,0.000009,2021/12/08,39.1730,34.666667,,,,,," ",,
01 NKA,家乐福,2021/12/06,1028885492,11631131058,12430465,1093,雀巢（Nestle) 金牌挂耳咖啡 手冲大师 中度烘焙 45g,Coffee,1,1028885492YK,146.376000,0.000000,180.00,0.0000,0.0000,2021/12/08,16.9500,15.00,,,,,," ",,
01 NKA,家乐福,2021/12/06,1028885492,10733404801,12453381,1093,雀巢金牌咖啡至雅柔和100g,Coffee,11,1028885492YK,6550.166239,-418.144561,779.00,0.0000,0.060007,2021/12/08,68.9540,64.916667,,,,,,价格差异,不符合价差检查标准,
01 NKA,家乐福,2021/12/06,1028885492,12333409373,,1093,雀巢咖啡绝对深黑95%深烘速溶咖啡14.4g,,9,1028885492YK,,,,,,2021/12/08,9.6050,,,,,,,产品编码有误,客户网站产品编码无法通过信息表mapping出雀巢产品,
01 NKA,家乐福,2021/12/06,1028885492,12199333158,12328809,1093,雀巢鷹嘜奶酱浓情太妃味听装350g,Dairy,3,1028885492YK,1407.696697,0.047497,577.00,-0.024686,-0.004810,2021/12/08,13.5840,12.020833,,,,,," ",,
01 NKA,家乐福,2021/12/06,1028885492,134997033,12480459,1093,雀巢咖啡1+2无蔗糖添加双豆拼配条装即溶咖啡77g(新口味7条x11g),Coffee,1,1028885492YK,101.653598,0.003598,125.00,0.0000,-0.000035,2021/12/08,9.4170,8.333333,,,,,," ",,
01 NKA,家乐福,2021/12/06,1028885492,193290837,12293902,1093,雀巢优麦紫薯香芋牛奶燕麦片 350g,Dairy,1,1028885492YK,269.170639,0.001439,331.00,0.0000,-0.000005,2021/12/08,23.3770,20.6875,,,,,," ",,
01 NKA,家乐福,2021/12/06,1028885492,12314539036,12500242,1093,雀巢怡养高蛋白高钙中老年奶粉675g,Dairy,3,1028885492YK,680.065487,-35.713153,293.40,0.0000,0.049894,2021/12/08,52.5000,48.90,,,,,,价格差异,不符合价差检查标准,
01 NKA,家乐福,2021/12/06,1028885492,124232772,12483915,1093,雀巢(Nestle)怡养健心中老年奶粉400g,Dairy,2,1028885492YK,842.434900,-26.062700,534.00,0.0000,0.030009,2021/12/08,48.7760,44.50,,,,,,价格差异,不符合价差检查标准,
01 NKA,家乐福,2021/12/06,1028885492,12282378505,12467135,1093,雀巢鹰唛炼奶芝士味100g,Dairy,1,1028885492YK,162.645757,0.005757,200.00,0.0000,-0.000035,2021/12/08,9.4170,8.333333,,,,,," ",,
01 NKA,家乐福,2021/12/06,1028885492,12232655239,12462280,1093,雀巢金牌手冲大师南意·夏浓研磨咖啡63g,Coffee,2,1028885492YK,631.048957,0.005757,388.00,0.0000,-0.000009,2021/12/08,36.5370,32.333333,,,,,," ",,
01 NKA,家乐福,2021/12/06,1028885492,10733404800,12453276,1093,雀巢金牌咖啡至醇浓郁100g,Coffee,2,1028885492YK,1190.939316,-76.026284,779.00,0.0000,0.060007,2021/12/08,68.9540,64.916667,,,,,,价格差异,不符合价差检查标准,
01 NKA,家乐福,2021/12/06,1028885492,12282378529,12467155,1093,雀巢鹰唛奶酱太妃味100g,Dairy,1,1028885492YK,162.645757,0.005757,200.00,0.0000,-0.000035,2021/12/08,9.4170,8.333333,,,,,," ",,
01 NKA,家乐福,2021/12/06,1028885492,124127666,12477189,1093,雀巢咖啡1+2原味15g*30,Coffee,2,1028885492YK,616.730880,-32.202720,399.00,0.0000,0.049624,2021/12/08,35.7080,33.25,,,,,,价格差异,不符合价差检查标准,
01 NKA,家乐福,2021/12/06,1028885492,10557275819,12338778,1093,雀巢NIDO脱脂高钙奶粉袋装400g,Dairy,1,1028885492YK,675.764882,-0.004318,831.00,0.0000,0.000006,2021/12/08,39.1260,34.625,,,,,," ",,
01 NKA,家乐福,2021/12/06,1028885492,12314345846,12495121,1093,雀巢咖啡5杯装 绵醇卡布奇诺口味 95g,Coffee,3,1028885492YK,295.191600,0.000000,121.00,0.0000,0.0000,2021/12/08,13.6730,12.10,,,,,," ",,
01 NKA,家乐福,2021/12/06,1028885492,11503110098,12424790,1093,雀巢蜂蜜脆谷乐营养谷物食品300g,CPW,3,1028885492YK,573.306000,0.000000,235.00,0.0000,0.0000,2021/12/08,26.5550,23.50,,,,,," ",,
01 NKA,家乐福,2021/12/06,1028885492,103635916,12498475,1093,雀巢（Nestle）醇品 速溶 黑咖啡 无蔗糖 冲调饮料 瓶装 50g,Coffee,3,1028885492YK,481.823159,-1.217641,198.00,0.0000,0.002521,2021/12/08,18.5980,16.50,,,,,," ",,
01 NKA,家乐福,2021/12/06,1028885492,104431708,12495353,1093,雀巢（Nestle）咖啡伴侣瓶装200g,Coffee,3,1028885492YK,446.459754,0.012954,183.00,0.0000,-0.000029,2021/12/08,17.2330,15.25,,,,,," ",,
01 NKA,家乐福,2021/12/06,1028885492,12174291489,12461587,1093,雀巢（Nestle）怡跃 成人奶粉 女士高蛋白 高钙高铁 安骼脱脂奶粉 350g,Dairy,3,1028885492YK,1097.820000,0.000000,450.00,0.0000,0.0000,2021/12/08,42.3750,37.50,,,,,," ",,
01 NKA,家乐福,2021/12/06,1028885492,11663158711,12245095,1093,雀巢玉米片150g,CPW,2,1028885492YK,282.155932,-26.860068,190.00,0.0000,0.086921,2021/12/08,10.8910,10.555556,,,,,,价格差异,不符合价差检查标准,
01 NKA,家乐福,2021/12/06,1028885492,12316195422,12495109,1093,雀巢金牌香草风味玛奇朵条装即溶咖啡饮品95g,Coffee,4,1028885492YK,393.588800,0.000000,121.00,0.0000,0.0000,2021/12/08,13.6730,12.10,,,,,," ",,
01 NKA,家乐福,2021/12/06,1028885492,103724689,12368832,1093,雀巢咖啡 馆藏系列 丝滑拿铁100g(5条x20g),Coffee,4,1028885492YK,393.588800,0.000000,121.00,0.0000,0.0000,2021/12/08,13.6730,12.10,,,,,," ",,
01 NKA,家乐福,2021/12/06,1028885492,191291942,12326607,1093,雀巢金牌丝滑拿铁条装即溶咖啡饮品(20x20g),Coffee,3,1028885492YK,1427.178954,0.012954,585.00,0.0000,-0.000009,2021/12/08,41.3160,36.5625,,,,,," ",,
01 NKA,家乐福,2021/12/06,1028885492,12312533118,12342368,1093,雀巢金牌甄选浓郁速溶咖啡80g,Coffee,2,1028885492YK,1351.529764,-0.008636,831.00,0.0000,0.000006,2021/12/08,39.1260,34.625,,,,,," ",,
01 NKA,家乐福,2021/12/06,1028885492,12317000385,12495107,1093,雀巢金牌厚乳风味拿铁条装即溶咖啡饮品95g,Coffee,5,1028885492YK,491.986000,0.000000,121.00,0.0000,0.0000,2021/12/08,13.6730,12.10,,,,,," ",,
01 NKA,家乐福,2021/12/06,1028885492,135000912,12326620,1093,雀巢咖啡 馆藏系列 臻享白咖啡580g(20条x29g),Coffee,4,1028885492YK,1902.905272,0.017272,585.00,0.0000,-0.000009,2021/12/08,41.3160,36.5625,,,,,," ",,
01 NKA,家乐福,2021/12/06,1028885492,134909486,,1093,雀巢蜂蜜脆谷乐谷物早餐300g,,1,1028885492YK,,,,,,2021/12/08,22.9600,,,,,,,产品编码有误,客户网站产品编码无法通过信息表mapping出雀巢产品,
01 NKA,家乐福,2021/12/06,1028885492,11738016413,12441219,1093,星巴克深度烘焙精品速溶咖啡23克（内含10条）,Coffee,1,1028885492YK,207.286839,-0.079161,255.00,0.0000,0.000382,2021/12/08,36.0050,31.875,,,,,," ",,
01 NKA,家乐福,2021/12/06,1028888799,12341876201,,,雀巢脆脆鲨混合口味大礼包374g,,12,1028888799YK,,,,,,2021/12/08,32.0690,,,,,,,"指定送货日
产品编码有误","客户网站交货日期不符合车期
客户网站产品编码无法通过信息表mapping出雀巢产品",
01 NKA,家乐福,2021/12/06,1028887300,12124154262,12457562,1098,雀巢脆脆鲨鲨明治巧克力味威化饼干小粒装77g,Confec.,1,1028887300YK,55.294721,-0.002879,68.00,0.0000,0.000052,2021/12/08,6.4030,5.666667,,,,,," ",,
01 NKA,家乐福,2021/12/06,1028887300,11684452689,12458252,1098,雀巢威化散装JLF1,Confec.,3,1028887300YK,712.363200,0.000000,292.00,0.0000,0.0000,2021/12/08,65.9920,58.40,,,,,," ",,
01 NKA,家乐福,2021/12/06,1028887300,12278689676,12484743,1098,雀巢脆脆鲨鲨可棒巧克力味注心饼干60g,Confec.,1,1028887300YK,89.449121,-0.002879,110.00,0.0000,0.000032,2021/12/08,5.1790,4.583333,,,,,," ",,
01 NKA,家乐福,2021/12/06,1028887300,12104383426,12451132,1098,雀巢(Nestle)趣满果零食 缤纷杂果 果汁儿童糖果软糖 分享装120g,Confec.,1,1028887300YK,213.130365,0.071965,262.00,0.0000,-0.000338,2021/12/08,12.3400,10.916667,,,,,," ",,
01 NKA,家乐福,2021/12/06,1028887300,12341876201,,1098,雀巢脆脆鲨混合口味大礼包374g,,34,1028887300YK,,,,,,2021/12/08,32.0690,,,,,,,产品编码有误,客户网站产品编码无法通过信息表mapping出雀巢产品,
01 NKA,家乐福,2021/12/06,1028887300,171090014,,1098,雀巢脆脆巧倾芯浓情巧克力味180g,,1,1028887300YK,,,,,,2021/12/08,12.1830,,,,,,,产品编码有误,客户网站产品编码无法通过信息表mapping出雀巢产品,
01 NKA,家乐福,2021/12/06,1028887300,693702634,,1098,雀巢优脆麦谷威化饼干芝士口味144g,,1,1028887300YK,,,,,,2021/12/08,14.8310,,,,,,,产品编码有误,客户网站产品编码无法通过信息表mapping出雀巢产品,
01 NKA,家乐福,2021/12/06,1028887300,12104383424,12458793,1098,雀巢脆脆鲨鲨刻能榛果味威化代可可脂巧克力(分享装)200g,Confec.,2,1028887300YK,432.622400,-22.769600,280.00,0.0000,0.0500,2021/12/08,15.0290,14.00,,,,,,价格差异,不符合价差检查标准,
01 NKA,家乐福,2021/12/06,1028887300,12310382625,12498720,1098,雀巢脆脆鲨巧克力口味威化代可可脂巧克力分享桶330g,Confec.,5,1028887300YK,717.717366,-22.294634,182.00,0.0000,0.030127,2021/12/08,16.6220,15.166667,,,,,,价格差异,不符合价差检查标准,
01 NKA,家乐福,2021/12/06,1028887300,146152116,12445531,1098,雀巢趣满果杂果味桶装70g,Confec.,1,1028887300YK,403.375986,0.028786,496.00,0.0000,-0.000071,2021/12/08,7.7850,6.888889,,,,,," ",,
01 NKA,家乐福,2021/12/06,1028887300,12340506649,,1098,雀巢脆脆鲨牛奶口味威化代可可脂巧克力480g,,34,1028887300YK,,,,,,2021/12/08,21.8770,,,,,,,产品编码有误,客户网站产品编码无法通过信息表mapping出雀巢产品,
01 NKA,家乐福,2021/12/06,1028887746,694073547,,1098,雀巢优脆麦谷威化饼干海苔口味144g,,1,1028887746YK,,,,,,2021/12/08,14.8310,,,,,,,产品编码有误,客户网站产品编码无法通过信息表mapping出雀巢产品,
01 NKA,家乐福,2021/12/06,1028887746,12340505361,,1098,雀巢脆脆鲨巧克力口味威化代可可脂巧克力480g,,34,1028887746YK,,,,,,2021/12/08,21.8770,,,,,,,产品编码有误,客户网站产品编码无法通过信息表mapping出雀巢产品,
01 NKA,家乐福,2021/12/06,1028885491,10736481741,,1093,雀巢脆脆鲨混合口味威化代可可脂巧克力新年装375g,,5,1028885491YK,,,,,,2021/12/08,31.0750,,,,,,,产品编码有误,客户网站产品编码无法通过信息表mapping出雀巢产品,
01 NKA,家乐福,2021/12/06,1028888798,10137148488,12356310,1097,嘉宝有机香蕉苹果营养米粉225g,Nutrition,1,1028888798YK,483.040800,-13.011200,610.00,0.0000,0.026230,2021/12/08,55.9350,50.833333,,,,,,价格差异,不符合价差检查标准,
01 NKA,家乐福,2021/12/06,1028888798,120278555,12423607,1097,嘉宝钙铁锌营养麦粉250g,Nutrition,1,1028888798YK,385.456800,0.000000,474.00,0.0000,0.0000,2021/12/08,44.6350,39.50,,,,,," ",,
01 NKA,家乐福,2021/12/06,1028888798,102878793,,1097,雀巢能恩2配方奶粉听装900克,,2,1028888798YK,,,,,,2021/12/08,176.2800,,,,,,,产品编码有误,客户网站产品编码无法通过信息表mapping出雀巢产品,
01 NKA,家乐福,2021/12/06,1028888798,11348652498,12413497,1097,嘉宝苹果草莓泡芙49克,Nutrition,1,1028888798YK,331.785600,0.000000,408.00,0.0000,0.0000,2021/12/08,38.4200,34.00,,,,,," ",,
01 NKA,家乐福,2021/12/06,1028888798,102461575,12423611,1097,嘉宝缤纷水果营养米粉250g,Nutrition,1,1028888798YK,385.456800,0.000000,474.00,0.0000,0.0000,2021/12/08,44.6350,39.50,,,,,," ",,
01 NKA,家乐福,2021/12/06,1028888798,10137162929,12356311,1097,嘉宝有机原味营养米粉225G,Nutrition,1,1028888798YK,483.040800,-13.011200,610.00,0.0000,0.026230,2021/12/08,55.9350,50.833333,,,,,,价格差异,不符合价差检查标准,
01 NKA,家乐福,2021/12/06,1028888798,102878789,12395049,1097,雀巢A2妈妈孕产妇配方奶粉900g,Nutrition,2,1028888798YK,1556.464800,0.000000,957.00,0.0000,0.0000,2021/12/08,180.2350,159.50,,,,,," ",,
01 NKA,家乐福,2021/12/06,1028888798,12052096714,12446697,1097,嘉宝有机混合蔬菜营养米粉198g,Nutrition,2,1028888798YK,931.935836,0.008636,573.00,0.0000,-0.000009,2021/12/08,53.9580,47.75,,,,,," ",,
01 NKA,家乐福,2021/12/06,1028888798,123999590,12423652,1097,嘉宝混合蔬菜营养米粉250g,Nutrition,2,1028888798YK,770.913600,0.000000,474.00,0.0000,0.0000,2021/12/08,44.6350,39.50,,,,,," ",,
01 NKA,家乐福,2021/12/06,1028888798,11211253549,12361186,1097,嘉宝番茄牛肉营养米粉198g,Nutrition,2,1028888798YK,727.009436,0.008636,447.00,0.0000,-0.000012,2021/12/08,42.0930,37.25,,,,,," ",,
01 NKA,家乐福,2021/12/06,1028888798,102461577,12423612,1097,嘉宝 番茄牛肉配方营养米粉250g,Nutrition,2,1028888798YK,770.913600,0.000000,474.00,0.0000,0.0000,2021/12/08,44.6350,39.50,,,,,," ",,
01 NKA,家乐福,2021/12/06,1028888798,11355077391,12413352,1097,嘉宝香蕉橙子泡芙49克,Nutrition,3,1028888798YK,995.356800,0.000000,408.00,0.0000,0.0000,2021/12/08,38.4200,34.00,,,,,," ",,
01 NKA,家乐福,2021/12/06,1028888798,12052096757,12446228,1097,嘉宝有机原味营养米粉198g,Nutrition,3,1028888798YK,1397.903754,0.012954,573.00,0.0000,-0.000009,2021/12/08,53.9580,47.75,,,,,," ",,
01 NKA,家乐福,2021/12/06,1028888798,11355068509,12413468,1097,嘉宝菠菜番茄泡芙49克,Nutrition,3,1028888798YK,995.356800,0.000000,408.00,0.0000,0.0000,2021/12/08,38.4200,34.00,,,,,," ",,
01 NKA,家乐福,2021/12/06,1028888798,11211755722,12361184,1097,嘉宝钙铁锌营养麦粉198g,Nutrition,3,1028888798YK,1090.514154,0.012954,447.00,0.0000,-0.000012,2021/12/08,42.0930,37.25,,,,,," ",,
01 NKA,家乐福,2021/12/06,1028888798,12052096724,12446209,1097,嘉宝有机小米营养米粉198g,Nutrition,3,1028888798YK,1397.903754,0.012954,573.00,0.0000,-0.000009,2021/12/08,53.9580,47.75,,,,,," ",,
01 NKA,家乐福,2021/12/06,1028888798,11663157440,12361182,1097,嘉宝胡萝卜营养米粉198g,Nutrition,3,1028888798YK,1090.514154,0.012954,447.00,0.0000,-0.000012,2021/12/08,42.0930,37.25,,,,,," ",,
01 NKA,家乐福,2021/12/06,1028888798,11663157275,12361188,1097,嘉宝缤纷水果营养米粉198g,Nutrition,4,1028888798YK,1454.018872,0.017272,447.00,0.0000,-0.000012,2021/12/08,42.0930,37.25,,,,,," ",,
01 NKA,家乐福,2021/12/06,1028888798,103774181,,1097,雀巢（Nestle）宝贝营养+金装燕麦营养米粉（8-36个月）225克（9包X25克）,,4,1028888798YK,,,,,,2021/12/08,27.8730,,,,,,,产品编码有误,客户网站产品编码无法通过信息表mapping出雀巢产品,
01 NKA,家乐福,2021/12/06,1028888798,11663157366,12361029,1097,嘉宝菠菜营养米粉198g,Nutrition,4,1028888798YK,1454.018872,0.017272,447.00,0.0000,-0.000012,2021/12/08,42.0930,37.25,,,,,," ",,
01 NKA,家乐福,2021/12/06,1028888798,11663157395,12361187,1097,嘉宝南瓜营养米粉198g,Nutrition,4,1028888798YK,1454.018872,0.017272,447.00,0.0000,-0.000012,2021/12/08,42.0930,37.25,,,,,," ",,
01 NKA,家乐福,2021/12/06,1028888798,11212342730,12361183,1097,嘉宝营养米粉198g,Nutrition,5,1028888798YK,1817.523589,0.021589,447.00,0.0000,-0.000012,2021/12/08,42.0930,37.25,,,,,," ",,
01 NKA,家乐福,2021/12/06,1028888798,615596518,,1097,雀巢宝贝营养+金装醇香原味营养米麦粉（6-36个月）225克,,5,1028888798YK,,,,,,2021/12/08,27.8730,,,,,,,产品编码有误,客户网站产品编码无法通过信息表mapping出雀巢产品,
01 NKA,家乐福,2021/12/06,1028888798,125462376,,1097,雀巢金装宝贝营养+苹果营养米粉225g,,6,1028888798YK,,,,,,2021/12/08,27.8730,,,,,,,产品编码有误,客户网站产品编码无法通过信息表mapping出雀巢产品,
01 NKA,家乐福,2021/12/06,1028888798,11348652529,12413486,1097,嘉宝梨桃子泡芙49克,Nutrition,6,1028888798YK,1990.713600,0.000000,408.00,0.0000,0.0000,2021/12/08,38.4200,34.00,,,,,," ",,
01 NKA,家乐福,2021/12/06,1028888798,11663157510,12361185,1097,嘉宝燕麦营养米粉198g,Nutrition,6,1028888798YK,2181.028307,0.025907,447.00,0.0000,-0.000012,2021/12/08,42.0930,37.25,,,,,," ",,
01 NKA,家乐福,2021/12/06,1028888790,12310080005,12497731,1097,雀巢脆脆鲨刻能榛果味威化代可可脂巧克力80g,Confec.,6,1028888790YK,726.024960,-0.975840,149.00,0.0000,0.001342,2021/12/08,7.0060,6.208333,,,,,," ",,
01 NKA,家乐福,2021/12/06,1028888790,11663155545,,1097,趣满果果不可貌相杂果派对果汁凝胶糖果40g,,3,1028888790YK,,,,,,2021/12/08,3.2770,,,,,,,产品编码有误,客户网站产品编码无法通过信息表mapping出雀巢产品,
01 NKA,家乐福,2021/12/06,1028888790,12341876201,,1097,雀巢脆脆鲨混合口味大礼包374g,,23,1028888790YK,,,,,,2021/12/08,32.0690,,,,,,,产品编码有误,客户网站产品编码无法通过信息表mapping出雀巢产品,
01 NKA,家乐福,2021/12/06,1028888790,12265406332,12477307,1097,雀巢脆脆鲨葡萄味威化代可可脂巧克力123g,Confec.,1,1028888790YK,187.033121,-0.002879,230.00,0.0000,0.000015,2021/12/08,10.8290,9.583333,,,,,," ",,
01 NKA,家乐福,2021/12/06,1028888790,12278689676,12484743,1097,雀巢脆脆鲨鲨可棒巧克力味注心饼干60g,Confec.,1,1028888790YK,89.449121,-0.002879,110.00,0.0000,0.000032,2021/12/08,5.1790,4.583333,,,,,," ",,
01 NKA,家乐福,2021/12/06,1028888790,12310079916,12497729,1097,雀巢脆脆鲨刻能花生味威化代可可脂巧克力80g,Confec.,1,1028888790YK,121.004160,-0.162640,149.00,0.0000,0.001342,2021/12/08,7.0060,6.208333,,,,,," ",,
01 NKA,家乐福,2021/12/06,1028888790,12106088459,12451074,1097,雀巢(Nestle)趣满果零食 莓莓桃仔 乳酸菌风味儿童糖果软糖 100g,Confec.,1,1028888790YK,213.130365,0.071965,262.00,0.0000,-0.000338,2021/12/08,12.3400,10.916667,,,,,," ",,
01 NKA,家乐福,2021/12/06,1028888790,12106088459,12486359,1097,雀巢(Nestle)趣满果零食 莓莓桃仔 乳酸菌风味儿童糖果软糖 100g,Confec.,1,1028888790YK,213.130365,0.071965,262.00,0.0000,-0.000338,2021/12/08,12.3400,10.916667,,,,,," ",,
01 NKA,家乐福,2021/12/06,1028888790,11663155472,,1097,趣满果果不可貌相花心舞会果汁凝胶糖果40g,,4,1028888790YK,,,,,,2021/12/08,3.2770,,,,,,,产品编码有误,客户网站产品编码无法通过信息表mapping出雀巢产品,
01 NKA,家乐福,2021/12/06,1028888790,171162999,,1097,雀巢脆脆鲨巧倾芯提拉米苏味180g,,1,1028888790YK,,,,,,2021/12/08,12.1830,,,,,,,产品编码有误,客户网站产品编码无法通过信息表mapping出雀巢产品,
01 NKA,家乐福,2021/12/06,1028888790,12104383424,12458793,1097,雀巢脆脆鲨鲨刻能榛果味威化代可可脂巧克力(分享装)200g,Confec.,2,1028888790YK,455.392000,0.000000,280.00,0.0000,0.0000,2021/12/08,15.8200,14.00,,,,,," ",,
01 NKA,家乐福,2021/12/06,1028888790,12104383426,12451132,1097,雀巢(Nestle)趣满果零食 缤纷杂果 果汁儿童糖果软糖 分享装120g,Confec.,2,1028888790YK,426.260729,0.143929,262.00,0.0000,-0.000338,2021/12/08,12.3400,10.916667,,,,,," ",,
01 NKA,家乐福,2021/12/06,1028888790,11684452689,12458252,1097,雀巢威化散装JLF1,Confec.,10,1028888790YK,2374.544000,0.000000,292.00,0.0000,0.0000,2021/12/08,65.9920,58.40,,,,,," ",,
01 NKA,家乐福,2021/12/06,1028888790,693702634,,1097,雀巢优脆麦谷威化饼干芝士口味144g,,18,1028888790YK,,,,,,2021/12/08,14.8310,,,,,,,产品编码有误,客户网站产品编码无法通过信息表mapping出雀巢产品,
01 NKA,家乐福,2021/12/06,1028888790,12124154262,12457562,1097,雀巢脆脆鲨鲨明治巧克力味威化饼干小粒装77g,Confec.,5,1028888790YK,276.473607,-0.014393,68.00,0.0000,0.000052,2021/12/08,6.4030,5.666667,,,,,," ",,
01 NKA,家乐福,2021/12/06,1028888790,12278689924,12484742,1097,雀巢脆脆鲨鲨可棒椰子味注心饼干60g,Confec.,3,1028888790YK,268.347364,-0.008636,110.00,0.0000,0.000032,2021/12/08,5.1790,4.583333,,,,,," ",,
01 NKA,家乐福,2021/12/06,1028888790,12310382625,12498720,1097,雀巢脆脆鲨巧克力口味威化代可可脂巧克力分享桶330g,Confec.,6,1028888790YK,861.260840,-26.753560,182.00,0.0000,0.030127,2021/12/08,16.6220,15.166667,,,,,,价格差异,不符合价差检查标准,
01 NKA,家乐福,2021/12/06,1028888790,12340505361,,1097,雀巢脆脆鲨巧克力口味威化代可可脂巧克力480g,,35,1028888790YK,,,,,,2021/12/08,23.2780,,,,,,,产品编码有误,客户网站产品编码无法通过信息表mapping出雀巢产品,
01 NKA,家乐福,2021/12/06,1028888790,12104383425,12457080,1097,雀巢脆脆鲨鸳鸯奶茶味威化代可可脂巧克力123g,Confec.,4,1028888790YK,747.856142,-0.287858,230.00,0.0000,0.000385,2021/12/08,10.8250,9.583333,,,,,," ",,
01 NKA,家乐福,2021/12/06,1028889221,694073547,,1097,雀巢优脆麦谷威化饼干海苔口味144g,,11,1028889221YK,,,,,,2021/12/08,14.8310,,,,,,,产品编码有误,客户网站产品编码无法通过信息表mapping出雀巢产品,
01 NKA,家乐福,2021/12/06,1028889221,12340506649,,1097,雀巢脆脆鲨牛奶口味威化代可可脂巧克力480g,,35,1028889221YK,,,,,,2021/12/08,23.2780,,,,,,,产品编码有误,客户网站产品编码无法通过信息表mapping出雀巢产品,
01 NKA,家乐福,2021/12/06,1028885496,146570767,12237391,1093,雀巢淡奶油250ml,Dairy,11,1028885496YK,2415.298993,-205.644607,293.00,0.0000,0.078462,2021/12/08,12.7130,12.208333,,,,,,价格差异,不符合价差检查标准,
01 NKA,家乐福,2021/12/06,1028892927,12274250354,,1097,雀巢咖啡特调果萃系列香柚莫奇托风味即溶咖啡饮品@10(5x15g)CN,,1,1028892927YK,,,,,,2021/12/08,7.5100,,,,,,,产品编码有误,客户网站产品编码无法通过信息表mapping出雀巢产品,
01 NKA,家乐福,2021/12/06,1028892927,11724419143,12431506,1097,雀巢营养早餐谷物食品迷你装27g*4,CPW,1,1028892927YK,199.226804,-8.139196,255.00,0.0000,0.039250,2021/12/08,13.8420,12.75,,,,,,价格差异,不符合价差检查标准,
01 NKA,家乐福,2021/12/06,1028893130,123999590,12423652,1094,嘉宝混合蔬菜营养米粉250g,Nutrition,1,1028893130YK,385.456800,0.000000,474.00,0.0000,0.0000,2021/12/08,44.6350,39.50,,,,,," ",,
01 NKA,家乐福,2021/12/06,1028893130,610800855,12361472,1094,雀巢Nestle能恩1 婴儿配方奶粉 1段（0-6个月）400克,Nutrition,1,1028893130YK,778.236718,0.004318,957.00,0.0000,-0.000006,2021/12/08,90.1180,79.75,,,,,," ",,
01 NKA,家乐福,2021/12/06,1028893130,11211253549,12361186,1094,嘉宝番茄牛肉营养米粉198g,Nutrition,1,1028893130YK,363.504718,0.004318,447.00,0.0000,-0.000012,2021/12/08,42.0930,37.25,,,,,," ",,
01 NKA,家乐福,2021/12/06,1028893130,10705580337,,1094,嘉宝有机混合蔬菜营养米粉225G,,1,1028893130YK,,,,,,2021/12/08,57.4420,,,,,,,产品编码有误,客户网站产品编码无法通过信息表mapping出雀巢产品,
01 NKA,家乐福,2021/12/06,1028893130,10137162929,12356311,1094,嘉宝有机原味营养米粉225G,Nutrition,1,1028893130YK,483.040800,-13.011200,610.00,0.0000,0.026230,2021/12/08,55.9350,50.833333,,,,,,价格差异,不符合价差检查标准,
01 NKA,家乐福,2021/12/06,1028893130,11663157395,12361187,1094,嘉宝南瓜营养米粉198g,Nutrition,1,1028893130YK,363.504718,0.004318,447.00,0.0000,-0.000012,2021/12/08,42.0930,37.25,,,,,," ",,
01 NKA,家乐福,2021/12/06,1028893130,11663157366,12361029,1094,嘉宝菠菜营养米粉198g,Nutrition,1,1028893130YK,363.504718,0.004318,447.00,0.0000,-0.000012,2021/12/08,42.0930,37.25,,,,,," ",,
01 NKA,家乐福,2021/12/06,1028893130,102461581,12423597,1094,嘉宝原味营养米粉250g,Nutrition,1,1028893130YK,385.456800,0.000000,474.00,0.0000,0.0000,2021/12/08,44.6350,39.50,,,,,," ",,
01 NKA,家乐福,2021/12/06,1028893130,11663157275,12361188,1094,嘉宝缤纷水果营养米粉198g,Nutrition,1,1028893130YK,363.504718,0.004318,447.00,0.0000,-0.000012,2021/12/08,42.0930,37.25,,,,,," ",,
01 NKA,家乐福,2021/12/06,1028893130,102878789,12395049,1094,雀巢A2妈妈孕产妇配方奶粉900g,Nutrition,2,1028893130YK,1556.464800,0.000000,957.00,0.0000,0.0000,2021/12/08,180.2350,159.50,,,,,," ",,
01 NKA,家乐福,2021/12/06,1028893130,11663157510,12361185,1094,嘉宝燕麦营养米粉198g,Nutrition,1,1028893130YK,363.504718,0.004318,447.00,0.0000,-0.000012,2021/12/08,42.0930,37.25,,,,,," ",,
01 NKA,家乐福,2021/12/06,1028893130,12052096757,12446228,1094,嘉宝有机原味营养米粉198g,Nutrition,1,1028893130YK,465.967918,0.004318,573.00,0.0000,-0.000009,2021/12/08,53.9580,47.75,,,,,," ",,
01 NKA,家乐福,2021/12/06,1028893130,102461575,12423611,1094,嘉宝缤纷水果营养米粉250g,Nutrition,1,1028893130YK,385.456800,0.000000,474.00,0.0000,0.0000,2021/12/08,44.6350,39.50,,,,,," ",,
01 NKA,家乐福,2021/12/06,1028893130,11696848267,12416251,1094,嘉宝有机小米营养米粉225g,Nutrition,1,1028893130YK,556.228800,0.000000,684.00,0.0000,0.0000,2021/12/08,64.4100,57.00,,,,,," ",,
01 NKA,家乐福,2021/12/06,1028893130,646949532,12357769,1094,雀巢超级能恩1段听装380g,Nutrition,1,1028893130YK,1352.350161,-0.001439,1663.00,0.0000,0.000001,2021/12/08,156.5990,138.583333,,,,,," ",,
01 NKA,家乐福,2021/12/06,1028893130,11212342730,12361183,1094,嘉宝营养米粉198g,Nutrition,2,1028893130YK,727.009436,0.008636,447.00,0.0000,-0.000012,2021/12/08,42.0930,37.25,,,,,," ",,
01 NKA,家乐福,2021/12/06,1028893130,12052096714,12446697,1094,嘉宝有机混合蔬菜营养米粉198g,Nutrition,2,1028893130YK,931.935836,0.008636,573.00,0.0000,-0.000009,2021/12/08,53.9580,47.75,,,,,," ",,
01 NKA,家乐福,2021/12/06,1028893130,11211755722,12361184,1094,嘉宝钙铁锌营养麦粉198g,Nutrition,2,1028893130YK,727.009436,0.008636,447.00,0.0000,-0.000012,2021/12/08,42.0930,37.25,,,,,," ",,
01 NKA,家乐福,2021/12/06,1028893130,11663157440,12361182,1094,嘉宝胡萝卜营养米粉198g,Nutrition,2,1028893130YK,727.009436,0.008636,447.00,0.0000,-0.000012,2021/12/08,42.0930,37.25,,,,,," ",,
01 NKA,家乐福,2021/12/06,1028893129,11272864621,12410141,1094,雀巢可可味滋滋营养早餐谷物食品330g,CPW,1,1028893129YK,174.838000,-16.264000,235.00,0.0000,0.085106,2021/12/08,24.2950,23.50,,,,,,价格差异,不符合价差检查标准,
01 NKA,家乐福,2021/12/06,1028893129,12314345846,12495121,1094,雀巢咖啡5杯装 绵醇卡布奇诺口味 95g,Coffee,1,1028893129YK,98.397200,0.000000,121.00,0.0000,0.0000,2021/12/08,13.6730,12.10,,,,,," ",,
01 NKA,家乐福,2021/12/06,1028893129,12317000385,12495107,1094,雀巢金牌厚乳风味拿铁条装即溶咖啡饮品95g,Coffee,1,1028893129YK,98.397200,0.000000,121.00,0.0000,0.0000,2021/12/08,13.6730,12.10,,,,,," ",,
01 NKA,家乐福,2021/12/06,1028893129,12274250339,12501705,1094,雀巢咖啡特调果萃系列草莓雪酪风味即溶咖啡饮品@10(5x19g)CN,Coffee,1,1028893129YK,56.924000,0.000000,70.00,0.0000,0.0000,2021/12/08,7.9100,7.00,,,,,," ",,
01 NKA,家乐福,2021/12/06,1028893129,12316195422,12495109,1094,雀巢金牌香草风味玛奇朵条装即溶咖啡饮品95g,Coffee,1,1028893129YK,98.397200,0.000000,121.00,0.0000,0.0000,2021/12/08,13.6730,12.10,,,,,," ",,
01 NKA,家乐福,2021/12/06,1028893129,12301248099,12482249,1094,雀巢怡运水果加纤营养奶粉草莓味200g,Dairy,1,1028893129YK,141.496800,0.000000,174.00,0.0000,0.0000,2021/12/08,19.6620,17.40,,,,,," ",,
01 NKA,家乐福,2021/12/06,1028893129,12301249521,12482260,1094,雀巢怡运水果加纤营养奶粉桃子味200g,Dairy,1,1028893129YK,141.496800,0.000000,174.00,0.0000,0.0000,2021/12/08,19.6620,17.40,,,,,," ",,
01 NKA,家乐福,2021/12/06,1028893129,12174531188,12456722,1094,雀巢(Nestle) 学生奶粉 6-15岁爱思培 青少年 益护因子 益生菌 盒装350g,Dairy,1,1028893129YK,374.886639,0.001439,461.00,0.0000,-0.000004,2021/12/08,43.4110,38.416667,,,,,," ",,
01 NKA,家乐福,2021/12/06,1028893129,11684453185,12476568,1094,雀巢怡养LiveATwo配方奶粉750g,Dairy,2,1028893129YK,1179.142879,0.002879,725.00,0.0000,-0.000002,2021/12/08,136.5420,120.833333,,,,,," ",,
01 NKA,家乐福,2021/12/06,1028893129,11663157360,12376638,1094,雀巢NIDO有机全脂奶粉900g,Dairy,1,1028893129YK,1385.692800,0.000000,1704.00,0.0000,0.0000,2021/12/08,160.4600,142.00,,,,,," ",,
01 NKA,家乐福,2021/12/06,1028893129,144750705,12453277,1094,雀巢(NESTLE)金 牌GOLD 瑞士原装进口 进口速溶咖啡50g,Coffee,1,1028893129YK,350.490639,0.001439,431.00,0.0000,-0.000004,2021/12/08,40.5860,35.916667,,,,,," ",,
01 NKA,家乐福,2021/12/06,1028893129,11129878139,12477039,1094,雀巢怡养脑力加油站TM配方奶粉800g,Dairy,2,1028893129YK,1179.142879,0.002879,725.00,0.0000,-0.000002,2021/12/08,136.5420,120.833333,,,,,," ",,
01 NKA,家乐福,2021/12/06,1028893129,10733404800,12453276,1094,雀巢金牌咖啡至醇浓郁100g,Coffee,1,1028893129YK,633.484239,0.001439,779.00,0.0000,-0.000002,2021/12/08,73.3560,64.916667,,,,,," ",,
01 NKA,家乐福,2021/12/06,1028893129,124222711,12413057,1094,雀巢咖啡 馆藏系列 卡布奇诺228g,Coffee,1,1028893129YK,244.771761,15.048561,285.95,0.05,-0.049994,2021/12/08,28.3440,23.829167,,,,,,价格差异,不符合价差检查标准,
01 NKA,家乐福,2021/12/06,1028893129,139505337,12361074,1094,雀巢NIDO速溶全脂高钙调制乳粉900g,Dairy,1,1028893129YK,820.517361,-0.001439,1009.00,0.0000,0.000002,2021/12/08,95.0140,84.083333,,,,,," ",,
01 NKA,家乐福,2021/12/06,1028893129,10557881569,12342813,1094,雀巢NIDO全脂高钙奶粉立袋装900g,Dairy,1,1028893129YK,659.503761,-0.001439,811.00,0.0000,0.000002,2021/12/08,76.3690,67.583333,,,,,," ",,
01 NKA,家乐福,2021/12/06,1028893129,12174291489,12461587,1094,雀巢（Nestle）怡跃 成人奶粉 女士高蛋白 高钙高铁 安骼脱脂奶粉 350g,Dairy,1,1028893129YK,365.940000,0.000000,450.00,0.0000,0.0000,2021/12/08,42.3750,37.50,,,,,," ",,
01 NKA,家乐福,2021/12/06,1028893129,103635812,12495343,1094,雀巢 咖啡伴侣 400g,Coffee,1,1028893129YK,258.597600,0.000000,318.00,0.0000,0.0000,2021/12/08,29.9450,26.50,,,,,," ",,
01 NKA,家乐福,2021/12/06,1028893129,135000912,12326620,1094,雀巢咖啡 馆藏系列 臻享白咖啡580g(20条x29g),Coffee,1,1028893129YK,475.726318,0.004318,585.00,0.0000,-0.000009,2021/12/08,41.3160,36.5625,,,,,," ",,
01 NKA,家乐福,2021/12/06,1028893129,11724419143,12431506,1094,雀巢营养早餐谷物食品迷你装27g*4,CPW,1,1028893129YK,199.226804,-8.139196,255.00,0.0000,0.039250,2021/12/08,13.8420,12.75,,,,,,价格差异,不符合价差检查标准,
01 NKA,家乐福,2021/12/06,1028893129,12274250358,12501675,1094,雀巢咖啡特调果萃系列热情百香果风味即溶咖啡饮品@10(5x15g)CN,Coffee,2,1028893129YK,113.848000,0.000000,70.00,0.0000,0.0000,2021/12/08,7.9100,7.00,,,,,," ",,
01 NKA,家乐福,2021/12/06,1028893129,11503123276,12425036,1094,雀巢脆谷乐营养谷物食品300g,CPW,2,1028893129YK,382.204000,0.000000,235.00,0.0000,0.0000,2021/12/08,26.5550,23.50,,,,,," ",,
01 NKA,家乐福,2021/12/06,1028893129,11272775871,12410248,1094,雀巢蜜奇星营养早餐谷物食品300g,CPW,2,1028893129YK,349.676000,-32.528000,235.00,0.0000,0.085106,2021/12/08,24.2950,23.50,,,,,,价格差异,不符合价差检查标准,
01 NKA,家乐福,2021/12/06,1028893129,146225709,9123040,1094,雀巢 鹰麦炼奶草莓味 185g,Dairy,1,1028893129YK,188.656643,-0.005757,232.00,0.0000,0.000031,2021/12/08,10.9230,9.666667,,,,,," ",,
01 NKA,家乐福,2021/12/06,1028893129,191291942,12326607,1094,雀巢金牌丝滑拿铁条装即溶咖啡饮品(20x20g),Coffee,2,1028893129YK,951.452636,0.008636,585.00,0.0000,-0.000009,2021/12/08,41.3160,36.5625,,,,,," ",,
01 NKA,家乐福,2021/12/06,1028893129,12207432889,,1094,雀巢咖啡金牌手冲大师研磨礼盒,,1,1028893129YK,,,,,,2021/12/08,116.1080,,,,,,,产品编码有误,客户网站产品编码无法通过信息表mapping出雀巢产品,
01 NKA,家乐福,2021/12/06,1028893129,140159806,12077571,1094,雀巢咖啡礼盒醇品200g+咖啡伴侣400g,Coffee,1,1028893129YK,500.929761,-0.001439,616.00,0.0000,0.000003,2021/12/08,116.0130,102.666667,,,,,," ",,
01 NKA,家乐福,2021/12/06,1028893129,12264536057,12481583,1094,雀巢怡运全脂营养奶粉袋装1kg,Dairy,1,1028893129YK,334.226639,0.001439,411.00,-0.048205,-0.007760,2021/12/08,58.0540,51.375,,,,,," ",,