渠道,客户名称,"date_format(`订单日期`, '%Y%m%d')",客户PO,客户产品码,雀巢产品码,区域,产品名称,Nestle_BU,数量,SAP_PO,C4开票价,价差,箱价,TPP扣点,实际扣点,"date_format(`客户要求送货日`, '%Y/%m/%d')",客户价格,雀巢价格,单价价差,产品行价差,订单总金额价差,起送日,物流模式,问题分类,问题详细描述,备注
01 NKA,家乐福,20220207,1031105429,10137148488,,1098,嘉宝有机香蕉苹果营养米粉225g,,1,1031105429YK,,,,,,2022/02/09,55.9350,,,,,,,产品编码有误,客户网站产品编码无法通过信息表mapping出雀巢产品,
01 NKA,家乐福,20220207,1031103888,11503123276,12495907,1094,雀巢脆谷乐营养谷物食品300g,CPW,1,1031103888YK,171.991800,-19.110200,235,0.000000,0.100000,2022/02/09,23.8995,23.5,,,,,,价格差异,不符合价差检查标准,
01 NKA,家乐福,20220207,1031103888,12274250354,12501695,1094,雀巢咖啡特调果萃系列香柚莫奇托风味即溶咖啡饮品@10(5x15g)CN,Coffee,1,1031103888YK,56.924000,0.000000,70,0.000000,0.000000,2022/02/09,7.9100,7,,,,,," ",,
01 NKA,家乐福,20220207,1031103888,12316195422,12495109,1094,雀巢金牌香草风味玛奇朵条装即溶咖啡饮品95g,Coffee,1,1031103888YK,98.397200,0.000000,121,0.000000,0.000000,2022/02/09,13.6730,12.1,,,,,," ",,
01 NKA,家乐福,20220207,1031103888,124222834,12368771,1094,雀巢咖啡 睿雅摩卡105g(5条*21g),Coffee,1,1031103888YK,98.397200,0.000000,121,0.000000,0.000000,2022/02/09,13.6730,12.1,,,,,," ",,
01 NKA,家乐福,20220207,1031103888,124227011,12326608,1094,雀巢GOLDL丝滑拿铁条装即溶咖啡饮品12x20g,Coffee,1,1031103888YK,244.772624,-0.000576,301,0.000000,0.000002,2022/02/09,28.3441,25.083333,,,,,," ",,
01 NKA,家乐福,20220207,1031103888,12174291489,12461587,1094,雀巢（Nestle）怡跃 成人奶粉 女士高蛋白 高钙高铁 安骼脱脂奶粉 350g,Dairy,1,1031103888YK,347.691792,-18.248208,450,0.000000,0.049867,2022/02/09,40.2619,37.5,,,,,,价格差异,不符合价差检查标准,
01 NKA,家乐福,20220207,1031103888,10733404800,12453276,1094,雀巢金牌咖啡至醇浓郁100g,Coffee,1,1031103888YK,633.483376,0.000576,779,0.000000,-0.000001,2022/02/09,73.3559,64.916667,,,,,," ",,
01 NKA,家乐福,20220207,1031103888,124222711,12413057,1094,雀巢咖啡 馆藏系列 卡布奇诺228g,Coffee,1,1031103888YK,244.772624,-0.000576,301,0.000000,0.000002,2022/02/09,28.3441,25.083333,,,,,," ",,
01 NKA,家乐福,20220207,1031103888,103635916,12498475,1094,雀巢（Nestle）醇品 速溶 黑咖啡 无蔗糖 冲调饮料 瓶装 50g,Coffee,1,1031103888YK,160.606856,-0.406744,198,0.000000,0.002526,2022/02/09,18.5979,16.5,,,,,," ",,
01 NKA,家乐福,20220207,1031103888,12232646300,12462259,1094,雀巢金牌手冲大师北寻·浅光研磨咖啡63g,Coffee,1,1031103888YK,315.521024,-0.000576,388,0.000000,0.000002,2022/02/09,36.5366,32.333333,,,,,," ",,
01 NKA,家乐福,20220207,1031103888,102878788,12394015,1094,雀巢妈妈奶粉盒装400g,Nutrition,1,1031103888YK,598.514624,-0.000576,736,0.000000,0.000001,2022/02/09,69.3066,61.333333,,,,,," ",,
01 NKA,家乐福,20220207,1031103888,104431708,12495353,1094,雀巢（Nestle）咖啡伴侣瓶装200g,Coffee,1,1031103888YK,148.815600,0.000000,183,0.000000,0.000000,2022/02/09,17.2325,15.25,,,,,," ",,
01 NKA,家乐福,20220207,1031103888,124090533,12478718,1094,雀巢咖啡1+2原味双豆拼配条装即溶咖啡 105g(7条x15g),Coffee,9,1031103888YK,914.843523,-0.006477,125,0.000000,0.000007,2022/02/09,9.4166,8.333333,,,,,," ",,
01 NKA,家乐福,20220207,1031103888,135000912,12326620,1094,雀巢咖啡 馆藏系列 臻享白咖啡580g(20条x29g),Coffee,1,1031103888YK,475.721712,-0.000288,585,0.000000,0.000001,2022/02/09,41.3156,36.5625,,,,,," ",,
01 NKA,家乐福,20220207,1031103888,12207432889,,1094,雀巢咖啡金牌手冲大师研磨礼盒,,3,1031103888YK,,,,,,2022/02/09,128.7000,,,,,,,产品编码有误,客户网站产品编码无法通过信息表mapping出雀巢产品,
01 NKA,家乐福,20220207,1031103888,193290839,12417445,1094,雀巢优麦燕麦配方麦片500g,Dairy,2,1031103888YK,401.720800,56.924000,212,0.000000,-0.165094,2022/02/09,27.9110,21.2,,,,,,价格差异,不符合价差检查标准,
01 NKA,家乐福,20220207,1031103888,12317000385,12495107,1094,雀巢金牌厚乳风味拿铁条装即溶咖啡饮品95g,Coffee,2,1031103888YK,196.794400,0.000000,121,0.000000,0.000000,2022/02/09,13.6730,12.1,,,,,," ",,
01 NKA,家乐福,20220207,1031103888,124218397,12368770,1094,雀巢GOLD臻享白咖啡条装即溶咖啡饮品(5x29g),Coffee,2,1031103888YK,196.794400,0.000000,121,0.000000,0.000000,2022/02/09,13.6730,12.1,,,,,," ",,
01 NKA,家乐福,20220207,1031103888,11272864621,12495904,1094,雀巢可可味滋滋营养早餐谷物食品330g,CPW,2,1031103888YK,332.273520,-49.930480,235,0.000000,0.130638,2022/02/09,23.0859,23.5,,,,,,价格差异,不符合价差检查标准,
01 NKA,家乐福,20220207,1031103888,12314345846,12495121,1094,雀巢咖啡5杯装 绵醇卡布奇诺口味 95g,Coffee,2,1031103888YK,196.794400,0.000000,121,0.000000,0.000000,2022/02/09,13.6730,12.1,,,,,," ",,
01 NKA,家乐福,20220207,1031103888,12274250339,12501705,1094,雀巢咖啡特调果萃系列草莓雪酪风味即溶咖啡饮品@10(5x19g)CN,Coffee,2,1031103888YK,113.848000,0.000000,70,0.000000,0.000000,2022/02/09,7.9100,7,,,,,," ",,
01 NKA,家乐福,20220207,1031103888,12274250358,12479092,1094,雀巢咖啡特调果萃系列热情百香果风味即溶咖啡饮品@10(5x15g)CN,Coffee,2,1031103888YK,113.848000,0.000000,70,0.000000,0.000000,2022/02/09,7.9100,7,,,,,," ",,
01 NKA,家乐福,20220207,1031103888,12333409148,,1094,雀巢咖啡绝对深黑95%深烘速溶咖啡54g,,1,1031103888YK,,,,,,2022/02/09,31.9225,,,,,,,产品编码有误,客户网站产品编码无法通过信息表mapping出雀巢产品,
01 NKA,家乐福,20220207,1031103888,11631130977,12430466,1094,雀巢（Nestle）金牌挂耳咖啡 手冲大师 深度烘焙 45g,Coffee,2,1031103888YK,292.752000,0.000000,180,0.000000,0.000000,2022/02/09,16.9500,15,,,,,," ",,
01 NKA,家乐福,20220207,1031103888,12312533118,12342368,1094,雀巢金牌甄选浓郁速溶咖啡80g,Coffee,1,1031103888YK,675.770064,0.000864,831,0.000000,-0.000001,2022/02/09,39.1263,34.625,,,,,," ",,
01 NKA,家乐福,20220207,1031103888,12333409380,12505188,1094,雀巢咖啡绝对深黑拿铁即溶咖啡饮品360g,Coffee,1,1031103888YK,551.349600,0.000000,678,0.000000,0.000000,2022/02/09,31.9225,28.25,,,,,," ",,
01 NKA,家乐福,20220207,1031103888,103635918,12494598,1094,雀巢咖啡 醇品 200g,Coffee,2,1031103888YK,1148.173344,-0.065056,706,0.000000,0.000057,2022/02/09,66.4779,58.833333,,,,,," ",,
01 NKA,家乐福,20220207,1031103888,103635917,12494683,1094,雀巢咖啡醇品100g,Coffee,2,1031103888YK,611.525249,-0.001151,376,0.000000,0.000002,2022/02/09,35.4066,31.333333,,,,,," ",,
01 NKA,家乐福,20220207,1031103888,12174531188,12456722,1094,雀巢(Nestle) 学生奶粉 6-15岁爱思培 青少年 益护因子 益生菌 盒装350g,Dairy,2,1031103888YK,749.771551,0.001151,461,0.000000,-0.000002,2022/02/09,43.4109,38.416667,,,,,," ",,
01 NKA,家乐福,20220207,1031103888,11738016366,12442059,1094,星巴克中度烘焙精品速溶咖啡23克（内含10条）,Coffee,3,1031103888YK,621.853608,-0.244392,255,0.000000,0.000393,2022/02/09,36.0046,31.875,,,,,," ",,
01 NKA,家乐福,20220207,1031103888,10557275819,12338778,1094,雀巢NIDO脱脂高钙奶粉袋装400g,Dairy,1,1031103888YK,675.770064,0.000864,831,0.000000,-0.000001,2022/02/09,39.1263,34.625,,,,,," ",,
01 NKA,家乐福,20220207,1031103888,11631131058,12430465,1094,雀巢（Nestle) 金牌挂耳咖啡 手冲大师 中度烘焙 45g,Coffee,2,1031103888YK,292.752000,0.000000,180,0.000000,0.000000,2022/02/09,16.9500,15,,,,,," ",,
01 NKA,家乐福,20220207,1031103888,12301249521,12482260,1094,雀巢怡运水果加纤营养奶粉桃子味200g,Dairy,3,1031103888YK,424.490400,0.000000,174,0.000000,0.000000,2022/02/09,19.6620,17.4,,,,,," ",,
01 NKA,家乐福,20220207,1031103888,12333409373,12502717,1094,雀巢咖啡绝对深黑95%深烘速溶咖啡14.4g,Coffee,2,1031103888YK,207.366000,0.813200,127,0.000000,-0.003937,2022/02/09,9.6050,8.466667,,,,,," ",,
01 NKA,家乐福,20220207,1031103888,12301248099,12482249,1094,雀巢怡运水果加纤营养奶粉草莓味200g,Dairy,3,1031103888YK,424.490400,0.000000,174,0.000000,0.000000,2022/02/09,19.6620,17.4,,,,,," ",,
01 NKA,家乐福,20220207,1031103888,191291942,12326607,1094,雀巢金牌丝滑拿铁条装即溶咖啡饮品(20x20g),Coffee,2,1031103888YK,951.443424,-0.000576,585,0.000000,0.000001,2022/02/09,41.3156,36.5625,,,,,," ",,
01 NKA,家乐福,20220207,1031103888,12316196118,12498226,1094,雀巢爱思培学生力跃奶粉350g,Dairy,3,1031103888YK,1124.753184,0.097584,461,0.000000,-0.000087,2022/02/09,43.4146,38.416667,,,,,," ",,
01 NKA,家乐福,20220207,1031103888,12274147641,12501697,1094,雀巢咖啡特调果萃系列沁风桃桃风味即溶咖啡饮品@10(5x15g)CN,Coffee,4,1031103888YK,227.696000,0.000000,70,0.000000,0.000000,2022/02/09,7.9100,7,,,,,," ",,
01 NKA,家乐福,20220207,1031103888,12264536057,12481583,1094,雀巢怡运全脂营养奶粉袋装1kg,Dairy,5,1031103888YK,1671.127439,0.001439,411,-0.048205,-0.007757,2022/02/09,58.0538,51.375,,,,,," ",,
01 NKA,家乐福,20220207,1031103888,11724419143,12431506,1094,雀巢营养早餐谷物食品迷你装27g*4,CPW,2,1031103888YK,398.468000,-16.264000,255,0.000000,0.039216,2022/02/09,13.8425,12.75,,,,,,价格差异,不符合价差检查标准,
01 NKA,家乐福,20220207,1031103888,12333409371,12505197,1094,雀巢咖啡绝对深黑拿铁即溶咖啡饮品126g,Coffee,3,1031103888YK,453.765600,0.000000,186,0.000000,0.000000,2022/02/09,14.0120,12.4,,,,,," ",,
01 NKA,家乐福,20220207,1031103888,10557881569,12342813,1094,雀巢NIDO全脂高钙奶粉立袋装900g,Dairy,4,1031103888YK,2638.018497,-0.002303,811,0.000000,0.000001,2022/02/09,76.3691,67.583333,,,,,," ",,
01 NKA,家乐福,20220207,1031103888,11663157236,,1094,雀巢咖啡醇品+咖啡伴侣大礼盒200g+400g,,8,1031103888YK,,,,,,2022/02/09,110.2126,,,,,,,产品编码有误,客户网站产品编码无法通过信息表mapping出雀巢产品,
01 NKA,家乐福,20220207,1031103888,11684453185,12476568,1094,雀巢怡养LiveATwo配方奶粉750g,Dairy,1,1031103888YK,556.228800,-33.341200,725,0.000000,0.056552,2022/02/09,128.8200,120.833333,,,,,,价格差异,不符合价差检查标准,
01 NKA,家乐福,20220207,1031103888,11824844499,12443652,1094,星巴克Origami 特选综合便携式滴滤咖啡（研磨咖啡）45克（内含5包）,Coffee,1,1031103888YK,172.398112,-0.000288,212,0.000000,0.000002,2022/02/09,39.9266,35.333333,,,,,," ",,
01 NKA,家乐福,20220207,1031103888,11129878139,12477039,1094,雀巢怡养脑力加油站TM配方奶粉800g,Dairy,1,1031103888YK,556.228800,-33.341200,725,0.000000,0.056552,2022/02/09,128.8200,120.833333,,,,,,价格差异,不符合价差检查标准,
01 NKA,家乐福,20220207,1031103888,12349962099,,1094,星巴克家享咖啡新春礼盒217g,,10,1031103888YK,,,,,,2022/02/09,147.8264,,,,,,,产品编码有误,客户网站产品编码无法通过信息表mapping出雀巢产品,
01 NKA,家乐福,20220207,1031103888,124090636,12479912,1094,雀巢咖啡1+2特浓双豆拼配条装即溶咖啡 91g(7条x13g),Coffee,4,1031103888YK,406.597121,-0.002879,125,0.000000,0.000007,2022/02/09,9.4166,8.333333,,,,,," ",,
01 NKA,家乐福,20220207,1031103888,124089590,12479927,1094,雀巢咖啡1+2奶香双豆拼配条装即溶咖啡 105g(7条x15g),Coffee,5,1031103888YK,508.246402,-0.003598,125,0.000000,0.000007,2022/02/09,9.4166,8.333333,,,,,," ",,
01 NKA,家乐福,20220207,1031103888,11663157411,,1094,雀巢咖啡1＋2原味60*15g,,1,1031103888YK,,,,,,2022/02/09,64.1275,,,,,,,产品编码有误,客户网站产品编码无法通过信息表mapping出雀巢产品,
01 NKA,家乐福,20220207,1031103888,124090517,,1094,雀巢咖啡 1+2原味 300g(20条x15g),,4,1031103888YK,,,,,,2022/02/09,24.6716,,,,,,,产品编码有误,客户网站产品编码无法通过信息表mapping出雀巢产品,
01 NKA,家乐福,20220207,1031103887,146152115,12445522,1094,雀巢趣满果情迷热带桶装70g,Confec.,2,1031103887YK,806.700157,0.005757,496,0.000000,-0.000007,2022/02/09,7.7845,6.888889,,,,,," ",,
01 NKA,家乐福,20220207,1031103887,146152116,12445531,1094,雀巢趣满果杂果味桶装70g,Confec.,2,1031103887YK,806.700157,0.005757,496,0.000000,-0.000007,2022/02/09,7.7845,6.888889,,,,,," ",,
01 NKA,家乐福,20220207,1031103887,12341876201,,1094,雀巢脆脆鲨混合口味大礼包374g,,2,1031103887YK,,,,,,2022/02/09,30.1371,,,,,,,产品编码有误,客户网站产品编码无法通过信息表mapping出雀巢产品,
01 NKA,家乐福,20220207,1031103887,12197789446,12469564,1094,雀巢脆脆鲨鲨刻能混合口味新年礼盒威化代可可脂巧克力,Confec.,2,1031103887YK,301.177040,-19.223760,197,0.000000,0.059999,2022/02/09,26.1567,24.625,,,,,,价格差异,不符合价差检查标准,
01 NKA,家乐福,20220207,1031103887,12104383415,12458748,1094,雀巢脆脆鲨鲨刻能花生味威化代可可脂巧克力(分享装)200g,Confec.,1,1031103887YK,227.696000,0.000000,280,0.000000,0.000000,2022/02/09,15.8200,14,,,,,," ",,
01 NKA,家乐福,20220207,1031103887,12278689676,12484743,1094,雀巢脆脆鲨鲨可棒巧克力味注心饼干60g,Confec.,1,1031103887YK,89.450849,-0.001151,110,0.000000,0.000013,2022/02/09,5.1791,4.583333,,,,,," ",,
01 NKA,家乐福,20220207,1031103887,12310079916,12497729,1094,雀巢脆脆鲨刻能花生味威化代可可脂巧克力80g,Confec.,1,1031103887YK,121.004160,-0.162640,149,0.000000,0.001342,2022/02/09,7.0060,6.208333,,,,,," ",,
01 NKA,家乐福,20220207,1031103887,12106088459,12486359,1094,雀巢(Nestle)趣满果零食 莓莓桃仔 乳酸菌风味儿童糖果软糖 100g,Confec.,1,1031103887YK,213.123456,0.065056,262,0.000000,-0.000305,2022/02/09,12.3396,10.916667,,,,,," ",,
01 NKA,家乐福,20220207,1031103887,12104383426,12451132,1094,雀巢(Nestle)趣满果零食 缤纷杂果 果汁儿童糖果软糖 分享装120g,Confec.,1,1031103887YK,213.123456,0.065056,262,0.000000,-0.000305,2022/02/09,12.3396,10.916667,,,,,," ",,
01 NKA,家乐福,20220207,1031103887,11593276743,,1094,雀巢脆脆鲨鲨明治芝士番茄味威化饼干132g,,1,1031103887YK,,,,,,2022/02/09,10.9704,,,,,,,产品编码有误,客户网站产品编码无法通过信息表mapping出雀巢产品,
01 NKA,家乐福,20220207,1031103887,12265406332,12477307,1094,雀巢脆脆鲨葡萄味威化代可可脂巧克力123g,Confec.,1,1031103887YK,187.034849,-0.001151,230,0.000000,0.000006,2022/02/09,10.8291,9.583333,,,,,," ",,
01 NKA,家乐福,20220207,1031103887,12310382625,12498720,1094,雀巢脆脆鲨巧克力口味威化代可可脂巧克力分享桶330g,Confec.,3,1031103887YK,430.687416,-13.319784,182,0.000000,0.029999,2022/02/09,16.6242,15.166667,,,,,,价格差异,不符合价差检查标准,
01 NKA,家乐福,20220207,1031103887,12124154316,12456436,1094,雀巢脆脆鲨鲨明治芝士味小粒装威化饼干77g,Confec.,3,1031103887YK,165.894527,0.001727,68,0.000000,-0.000010,2022/02/09,6.4034,5.666667,,,,,," ",,
01 NKA,家乐福,20220207,1031103887,12104383424,12458793,1094,雀巢脆脆鲨鲨刻能榛果味威化代可可脂巧克力(分享装)200g,Confec.,2,1031103887YK,455.392000,0.000000,280,0.000000,0.000000,2022/02/09,15.8200,14,,,,,," ",,
01 NKA,家乐福,20220207,1031103887,11563030094,12456821,1094,雀巢(Nestle)脆脆鲨草莓味威化代可可脂巧克力123g,Confec.,2,1031103887YK,374.722560,0.650560,230,0.000000,-0.001739,2022/02/09,10.8480,9.583333,,,,,," ",,
01 NKA,家乐福,20220207,1031103887,12278688346,12484735,1094,雀巢脆脆鲨鲨可棒芝士味注心饼干60g,Confec.,2,1031103887YK,178.901697,-0.002303,110,0.000000,0.000013,2022/02/09,5.1791,4.583333,,,,,," ",,
01 NKA,家乐福,20220207,1031103887,12124154262,12457562,1094,雀巢脆脆鲨鲨明治巧克力味威化饼干小粒装77g,Confec.,4,1031103887YK,221.192703,0.002303,68,0.000000,-0.000010,2022/02/09,6.4034,5.666667,,,,,," ",,
01 NKA,家乐福,20220207,1031103887,11781971739,12456952,1094,雀巢脆脆鲨白桃味威化代可可脂巧克力123g,Confec.,2,1031103887YK,374.069697,-0.002303,230,0.000000,0.000006,2022/02/09,10.8291,9.583333,,,,,," ",,
01 NKA,家乐福,20220207,1031103887,12265406333,12477306,1094,雀巢脆脆鲨蜜瓜味威化代可可脂巧克力123g,Confec.,2,1031103887YK,374.069697,-0.002303,230,0.000000,0.000006,2022/02/09,10.8291,9.583333,,,,,," ",,
01 NKA,家乐福,20220207,1031103887,11684452690,,1094,雀巢威化散装,,1,1031103887YK,,,,,,2022/02/09,65.9920,,,,,,,产品编码有误,客户网站产品编码无法通过信息表mapping出雀巢产品,
01 NKA,家乐福,20220207,1031103887,12310080005,12497731,1094,雀巢脆脆鲨刻能榛果味威化代可可脂巧克力80g,Confec.,3,1031103887YK,363.012480,-0.487920,149,0.000000,0.001342,2022/02/09,7.0060,6.208333,,,,,," ",,
01 NKA,家乐福,20220207,1031103887,12278689924,12484742,1094,雀巢脆脆鲨鲨可棒椰子味注心饼干60g,Confec.,3,1031103887YK,268.352546,-0.003454,110,0.000000,0.000013,2022/02/09,5.1791,4.583333,,,,,," ",,
01 NKA,家乐福,20220207,1031103887,12104383425,12457080,1094,雀巢脆脆鲨鸳鸯奶茶味威化代可可脂巧克力123g,Confec.,3,1031103887YK,560.912832,-0.195168,230,0.000000,0.000348,2022/02/09,10.8254,9.583333,,,,,," ",,
01 NKA,家乐福,20220207,1031103887,134358556,12459525,1094,雀巢脆脆鲨奶香威化20g*4,Confec.,2,1031103887YK,201.673600,0.000000,124,0.000000,0.000000,2022/02/09,3.5030,3.1,,,,,," ",,
01 NKA,家乐福,20220207,1031105429,10137148488,,1098,嘉宝有机香蕉苹果营养米粉225g,,1,1031105429YK,,,,,,2022/02/09,55.9350,,,,,,,产品编码有误,客户网站产品编码无法通过信息表mapping出雀巢产品,
01 NKA,家乐福,20220207,1031103888,12174291489,12461587,1094,雀巢（Nestle）怡跃 成人奶粉 女士高蛋白 高钙高铁 安骼脱脂奶粉 350g,Dairy,1,1031103888YK,347.691792,-42.644208,480,0.000000,0.109250,2022/02/09,40.2619,40,,,,,,价格差异,不符合价差检查标准,
01 NKA,家乐福,20220207,1031103888,12207432889,,1094,雀巢咖啡金牌手冲大师研磨礼盒,,3,1031103888YK,,,,,,2022/02/09,128.7000,,,,,,,产品编码有误,客户网站产品编码无法通过信息表mapping出雀巢产品,
01 NKA,家乐福,20220207,1031103888,12333409148,,1094,雀巢咖啡绝对深黑95%深烘速溶咖啡54g,,1,1031103888YK,,,,,,2022/02/09,31.9225,,,,,,,产品编码有误,客户网站产品编码无法通过信息表mapping出雀巢产品,
01 NKA,家乐福,20220207,1031103888,11663157236,,1094,雀巢咖啡醇品+咖啡伴侣大礼盒200g+400g,,8,1031103888YK,,,,,,2022/02/09,110.2126,,,,,,,产品编码有误,客户网站产品编码无法通过信息表mapping出雀巢产品,
01 NKA,家乐福,20220207,1031103888,12349962099,,1094,星巴克家享咖啡新春礼盒217g,,10,1031103888YK,,,,,,2022/02/09,147.8264,,,,,,,产品编码有误,客户网站产品编码无法通过信息表mapping出雀巢产品,
01 NKA,家乐福,20220207,1031103888,11663157411,,1094,雀巢咖啡1＋2原味60*15g,,1,1031103888YK,,,,,,2022/02/09,64.1275,,,,,,,产品编码有误,客户网站产品编码无法通过信息表mapping出雀巢产品,
01 NKA,家乐福,20220207,1031103888,124090517,,1094,雀巢咖啡 1+2原味 300g(20条x15g),,4,1031103888YK,,,,,,2022/02/09,24.6716,,,,,,,产品编码有误,客户网站产品编码无法通过信息表mapping出雀巢产品,
01 NKA,家乐福,20220207,1031103887,12341876201,,1094,雀巢脆脆鲨混合口味大礼包374g,,2,1031103887YK,,,,,,2022/02/09,30.1371,,,,,,,产品编码有误,客户网站产品编码无法通过信息表mapping出雀巢产品,
01 NKA,家乐福,20220207,1031103887,11593276743,,1094,雀巢脆脆鲨鲨明治芝士番茄味威化饼干132g,,1,1031103887YK,,,,,,2022/02/09,10.9704,,,,,,,产品编码有误,客户网站产品编码无法通过信息表mapping出雀巢产品,
01 NKA,家乐福,20220207,1031103887,11684452690,,1094,雀巢威化散装,,1,1031103887YK,,,,,,2022/02/09,65.9920,,,,,,,产品编码有误,客户网站产品编码无法通过信息表mapping出雀巢产品,
01 NKA,家乐福,20220207,1031103892,102878792,,1094,雀巢能恩2配方奶粉袋装400g,,1,1031103892YK,,,,,,2022/02/09,69.9659,,,,,,,产品编码有误,客户网站产品编码无法通过信息表mapping出雀巢产品,
01 NKA,家乐福,20220207,1031103892,102878794,,1094,雀巢能恩3幼儿配方奶粉袋装400克,,1,1031103892YK,,,,,,2022/02/09,59.6075,,,,,,,产品编码有误,客户网站产品编码无法通过信息表mapping出雀巢产品,
01 NKA,家乐福,20220207,1031103892,127965733,,1094,雀巢力多精金装1奶粉,,3,1031103892YK,,,,,,2022/02/09,147.8416,,,,,,,产品编码有误,客户网站产品编码无法通过信息表mapping出雀巢产品,
01 NKA,家乐福,20220207,1031103892,104014314,,1094,雀巢儿童1+奶粉1000g,,4,1031103892YK,,,,,,2022/02/09,144.2634,,,,,,,产品编码有误,客户网站产品编码无法通过信息表mapping出雀巢产品,
01 NKA,家乐福,20220207,1031103892,102878790,,1094,雀巢能恩1配方奶粉袋装400克,,3,1031103892YK,,,,,,2022/02/09,83.6200,,,,,,,产品编码有误,客户网站产品编码无法通过信息表mapping出雀巢产品,
01 NKA,家乐福,20220207,1031103892,122495441,,1094,雀巢 Nespray 幼儿奶粉 400g (1-3岁),,3,1031103892YK,,,,,,2022/02/09,53.4866,,,,,,,产品编码有误,客户网站产品编码无法通过信息表mapping出雀巢产品,
01 NKA,家乐福,20220207,1031103892,102878791,,1094,雀巢能恩1配方奶粉听装,,1,1031103892YK,,,,,,2022/02/09,205.2834,,,,,,,产品编码有误,客户网站产品编码无法通过信息表mapping出雀巢产品,
01 NKA,家乐福,20220207,1031103892,102878793,,1094,雀巢能恩2配方奶粉听装900克,,1,1031103892YK,,,,,,2022/02/09,176.2800,,,,,,,产品编码有误,客户网站产品编码无法通过信息表mapping出雀巢产品,
01 NKA,家乐福,20220207,1031103890,12333821114,,1094,ONE三文鱼配方成年期全价猫粮12x400g,,2,1031103890YKNPP,,,,,,2022/02/09,17.5272,,,,,,,产品编码有误,客户网站产品编码无法通过信息表mapping出雀巢产品,
01 NKA,家乐福,20220207,1031103891,11663169522,,1094,雀巢怡养中老年营养饮金装高钙2合1JLF2,,4,1031103891YK,,,,,,2022/02/09,4.6330,,,,,,,产品编码有误,客户网站产品编码无法通过信息表mapping出雀巢产品,
01 NKA,家乐福,20220207,1031105428,12333821114,,1098,ONE三文鱼配方成年期全价猫粮12x400g,,3,1031105428YKNPP,,,,,,2022/02/09,17.5272,,,,,,,产品编码有误,客户网站产品编码无法通过信息表mapping出雀巢产品,
01 NKA,家乐福,20220207,1031107600,11355077391,12413352,1097,嘉宝香蕉橙子泡芙49克,Nutrition,1,1031107600YK,331.785600,0.000000,408,0.000000,0.000000,2022/02/09,38.4200,34,,,,,," ",,
01 NKA,家乐福,20220207,1031107600,11211755722,12361184,1097,嘉宝钙铁锌营养麦粉198g,Nutrition,1,1031107600YK,363.500400,0.000000,447,0.000000,0.000000,2022/02/09,42.0925,37.25,,,,,," ",,
01 NKA,家乐福,20220207,1031107600,11663157275,12361188,1097,嘉宝缤纷水果营养米粉198g,Nutrition,1,1031107600YK,363.500400,0.000000,447,0.000000,0.000000,2022/02/09,42.0925,37.25,,,,,," ",,
01 NKA,家乐福,20220207,1031107600,11348652498,12413497,1097,嘉宝苹果草莓泡芙49克,Nutrition,1,1031107600YK,331.785600,0.000000,408,0.000000,0.000000,2022/02/09,38.4200,34,,,,,," ",,
01 NKA,家乐福,20220207,1031107600,10705580337,12356279,1097,嘉宝混合蔬菜营养米粉225g,Nutrition,1,1031107600YK,496.051424,-0.000576,610,0.000000,0.000001,2022/02/09,57.4416,50.833333,,,,,," ",,
01 NKA,家乐福,20220207,1031107600,120278555,12423607,1097,嘉宝钙铁锌营养麦粉250g,Nutrition,2,1031107600YK,770.913600,0.000000,474,0.000000,0.000000,2022/02/09,44.6350,39.5,,,,,," ",,
01 NKA,家乐福,20220207,1031107600,11211253549,12361186,1097,嘉宝番茄牛肉营养米粉198g,Nutrition,2,1031107600YK,727.000800,0.000000,447,0.000000,0.000000,2022/02/09,42.0925,37.25,,,,,," ",,
01 NKA,家乐福,20220207,1031107600,123999590,12423652,1097,嘉宝混合蔬菜营养米粉250g,Nutrition,2,1031107600YK,770.913600,0.000000,474,0.000000,0.000000,2022/02/09,44.6350,39.5,,,,,," ",,
01 NKA,家乐福,20220207,1031107600,10137148488,12356310,1097,嘉宝有机香蕉苹果营养米粉225g,Nutrition,2,1031107600YK,966.081600,-26.022400,610,0.000000,0.026230,2022/02/09,55.9350,50.833333,,,,,,价格差异,不符合价差检查标准,
01 NKA,家乐福,20220207,1031107600,10137162929,12356311,1097,嘉宝原味营养米粉225g,Nutrition,3,1031107600YK,1449.122400,-39.033600,610,0.000000,0.026230,2022/02/09,55.9350,50.833333,,,,,,价格差异,不符合价差检查标准,
01 NKA,家乐福,20220207,1031107600,12298074190,12467531,1097,雀巢 超启能恩4段 （3岁以上使用） 800克,Nutrition,7,1031107600YK,7753.048800,0.000000,1362,0.000000,0.000000,2022/02/09,256.5100,227,,,,,," ",,
01 NKA,家乐福,20220207,1031107600,102878793,,1097,雀巢能恩2配方奶粉听装900克,,1,1031107600YK,,,,,,2022/02/09,176.2800,,,,,,,产品编码有误,客户网站产品编码无法通过信息表mapping出雀巢产品,
01 NKA,家乐福,20220207,1031107600,103630807,12433035,1097,Nestle雀巢能恩金装成长4段（3岁以上）儿童奶粉900g克,Nutrition,1,1031107600YK,666.010800,0.000000,819,0.000000,0.000000,2022/02/09,154.2450,136.5,,,,,," ",,
01 NKA,家乐福,20220207,1031106061,146570767,12237391,1095,雀巢淡奶油250mL,Dairy,16,1031106061YK,3513.024000,-299.257600,293,0.000000,0.078498,2022/02/09,12.7125,12.208333,,,,,,价格差异,不符合价差检查标准,
01 NKA,家乐福,20220207,1031106057,12104383426,12451132,1095,雀巢(Nestle)趣满果零食 缤纷杂果 果汁儿童糖果软糖 分享装120g,Confec.,5,1031106057YK,1065.617280,0.325280,262,0.000000,-0.000305,2022/02/09,12.3396,10.916667,,,,,," ",,
01 NKA,家乐福,20220207,1031106057,11781971739,12456952,1095,雀巢脆脆鲨白桃味威化代可可脂巧克力123g,Confec.,5,1031106057YK,935.174243,-0.005757,230,0.000000,0.000006,2022/02/09,10.8291,9.583333,,,,,," ",,
01 NKA,家乐福,20220207,1031106057,12104383411,12457070,1095,雀巢脆脆鲨玛奇朵咖啡味威化代可可脂巧克力123g,Confec.,6,1031106057YK,1121.825664,-0.390336,230,0.000000,0.000348,2022/02/09,10.8254,9.583333,,,,,," ",,
01 NKA,家乐福,20220207,1031106057,11689563585,,1095,雀巢威化散装JLFF1,,3,1031106057YK,,,,,,2022/02/09,65.9920,,,,,,,产品编码有误,客户网站产品编码无法通过信息表mapping出雀巢产品,
01 NKA,家乐福,20220207,1031106057,146152116,12445531,1095,雀巢趣满果杂果味桶装70g,Confec.,3,1031106057YK,1210.050236,0.008636,496,0.000000,-0.000007,2022/02/09,7.7845,6.888889,,,,,," ",,
01 NKA,家乐福,20220207,1031106057,134552555,12483299,1095,雀巢（Nestle）呈真巧克力味威化代可可脂巧克力272g 休闲饼干,Confec.,2,1031106057YK,333.410849,-0.001151,205,0.000000,0.000003,2022/02/09,19.3041,17.083333,,,,,," ",,
01 NKA,家乐福,20220207,1031106057,146152115,12445522,1095,雀巢趣满果情迷热带桶装70g,Confec.,4,1031106057YK,1613.400314,0.011514,496,0.000000,-0.000007,2022/02/09,7.7845,6.888889,,,,,," ",,
01 NKA,家乐福,20220207,1031106057,12234209188,,1095,雀巢威化代可可脂巧克力脆脆鲨250g,,34,1031106057YK,,,,,,2022/02/09,14.8595,,,,,,,产品编码有误,客户网站产品编码无法通过信息表mapping出雀巢产品,
01 NKA,家乐福,20220207,1031106057,12124154262,12457562,1095,雀巢脆脆鲨鲨明治巧克力味威化饼干小粒装77g,Confec.,3,1031106057YK,165.894527,0.001727,68,0.000000,-0.000010,2022/02/09,6.4034,5.666667,,,,,," ",,
01 NKA,家乐福,20220207,1031106057,12310382625,12498720,1095,雀巢脆脆鲨巧克力口味威化代可可脂巧克力分享桶330g,Confec.,4,1031106057YK,574.249888,-17.759712,182,0.000000,0.029999,2022/02/09,16.6242,15.166667,,,,,,价格差异,不符合价差检查标准,
01 NKA,家乐福,20220207,1031106057,12265406333,12477306,1095,雀巢脆脆鲨蜜瓜味威化代可可脂巧克力123g,Confec.,2,1031106057YK,374.069697,-0.002303,230,0.000000,0.000006,2022/02/09,10.8291,9.583333,,,,,," ",,
01 NKA,家乐福,20220207,1031106057,11684452645,12458320,1095,雀巢威化散装JLF2,Confec.,1,1031106057YK,237.454400,0.000000,292,0.000000,0.000000,2022/02/09,65.9920,58.4,,,,,," ",,
01 NKA,家乐福,20220207,1031106057,12124154316,12456436,1095,雀巢脆脆鲨鲨明治芝士味小粒装威化饼干77g,Confec.,5,1031106057YK,276.490879,0.002879,68,0.000000,-0.000010,2022/02/09,6.4034,5.666667,,,,,," ",,
01 NKA,家乐福,20220207,1031106057,12265406332,12477307,1095,雀巢脆脆鲨葡萄味威化代可可脂巧克力123g,Confec.,3,1031106057YK,561.104546,-0.003454,230,0.000000,0.000006,2022/02/09,10.8291,9.583333,,,,,," ",,
01 NKA,家乐福,20220207,1031107599,11684453566,,1097,珍致精选金枪鱼肉+鲣鱼+明虾85g,,2,1031107599YKNPP,,,,,,2022/02/09,6.1767,,,,,,,产品编码有误,客户网站产品编码无法通过信息表mapping出雀巢产品,
01 NKA,家乐福,20220207,1031106063,102461577,12423612,1095,嘉宝 番茄牛肉配方营养米粉250g,Nutrition,1,1031106063YK,385.456800,0.000000,474,0.000000,0.000000,2022/02/09,44.6350,39.5,,,,,," ",,
01 NKA,家乐福,20220207,1031106063,610800856,12361474,1095,雀巢Nestle能恩1 婴儿配方奶粉 1段（0-6个月）900克,Nutrition,2,1031106063YK,1894.756576,0.000576,1165,0.000000,0.000000,2022/02/09,219.4084,194.166667,,,,,," ",,
01 NKA,家乐福,20220207,1031106063,11211755722,12361184,1095,嘉宝钙铁锌营养麦粉198g,Nutrition,1,1031106063YK,363.500400,0.000000,447,0.000000,0.000000,2022/02/09,42.0925,37.25,,,,,," ",,
01 NKA,家乐福,20220207,1031106063,600017408,12357766,1095,雀巢Nestle超启能恩3幼儿配方奶粉 3段（12-36个月）800克 德国,Nutrition,2,1031106063YK,2333.884576,0.000576,1435,0.000000,0.000000,2022/02/09,270.2584,239.166667,,,,,," ",,
01 NKA,家乐福,20220207,1031106063,10137148488,12356310,1095,嘉宝有机香蕉苹果营养米粉225g,Nutrition,1,1031106063YK,483.040800,-13.011200,610,0.000000,0.026230,2022/02/09,55.9350,50.833333,,,,,,价格差异,不符合价差检查标准,
01 NKA,家乐福,20220207,1031106063,11355068509,12413468,1095,嘉宝菠菜番茄泡芙49克,Nutrition,1,1031106063YK,331.785600,0.000000,408,0.000000,0.000000,2022/02/09,38.4200,34,,,,,," ",,
01 NKA,家乐福,20220207,1031106063,10137162929,12356311,1095,嘉宝原味营养米粉225g,Nutrition,2,1031106063YK,966.081600,-26.022400,610,0.000000,0.026230,2022/02/09,55.9350,50.833333,,,,,,价格差异,不符合价差检查标准,
01 NKA,家乐福,20220207,1031106063,12052096724,12446209,1095,嘉宝有机小米营养米粉198g,Nutrition,2,1031106063YK,931.927200,0.000000,573,0.000000,0.000000,2022/02/09,53.9575,47.75,,,,,," ",,
01 NKA,家乐福,20220207,1031106063,102878791,,1095,雀巢能恩1配方奶粉听装,,1,1031106063YK,,,,,,2022/02/09,205.2834,,,,,,,产品编码有误,客户网站产品编码无法通过信息表mapping出雀巢产品,
01 NKA,家乐福,20220207,1031106063,600017407,12357767,1095,雀巢Nestle超级能恩2较大婴儿和幼儿配方奶粉 2段（6-12个月）800克 德国原装进口,Nutrition,1,1031106063YK,1326.328912,-0.000288,1631,0.000000,0.000000,2022/02/09,307.1716,271.833333,,,,,," ",,
01 NKA,家乐福,20220207,1031106063,103630807,12433035,1095,Nestle雀巢能恩金装成长4段（3岁以上）儿童奶粉900g克,Nutrition,1,1031106063YK,666.010800,0.000000,819,0.000000,0.000000,2022/02/09,154.2450,136.5,,,,,," ",,
01 NKA,家乐福,20220207,1031105423,12278689924,12484742,1098,雀巢脆脆鲨鲨可棒椰子味注心饼干60g,Confec.,1,1031105423YK,89.450849,-0.001151,110,0.000000,0.000013,2022/02/09,5.1791,4.583333,,,,,," ",,
01 NKA,家乐福,20220207,1031105423,12104383426,12451132,1098,雀巢(Nestle)趣满果零食 缤纷杂果 果汁儿童糖果软糖 分享装120g,Confec.,1,1031105423YK,213.123456,0.065056,262,0.000000,-0.000305,2022/02/09,12.3396,10.916667,,,,,," ",,
01 NKA,家乐福,20220207,1031105423,12124154316,12456436,1098,雀巢脆脆鲨鲨明治芝士味小粒装威化饼干77g,Confec.,3,1031105423YK,165.894527,0.001727,68,0.000000,-0.000010,2022/02/09,6.4034,5.666667,,,,,," ",,
01 NKA,家乐福,20220207,1031105423,12310080005,12497731,1098,雀巢脆脆鲨刻能榛果味威化代可可脂巧克力80g,Confec.,2,1031105423YK,229.907904,-12.425696,149,0.000000,0.051275,2022/02/09,6.6557,6.208333,,,,,,价格差异,不符合价差检查标准,
01 NKA,家乐福,20220207,1031105423,12265406332,12477307,1098,雀巢脆脆鲨葡萄味威化代可可脂巧克力123g,Confec.,2,1031105423YK,374.069697,-0.002303,230,0.000000,0.000006,2022/02/09,10.8291,9.583333,,,,,," ",,
01 NKA,家乐福,20220207,1031105425,12274250339,12501705,1098,雀巢咖啡特调果萃系列草莓雪酪风味即溶咖啡饮品@10(5x19g)CN,Coffee,1,1031105425YK,56.924000,0.000000,70,0.000000,0.000000,2022/02/09,7.9100,7,,,,,," ",,
01 NKA,家乐福,20220207,1031105425,12274250339,12478233,1098,雀巢咖啡特调果萃系列草莓雪酪风味即溶咖啡饮品@10(5x19g)CN,Coffee,1,1031105425YK,56.924000,0.000000,70,0.000000,0.000000,2022/02/09,7.9100,7,,,,,," ",,
01 NKA,家乐福,20220207,1031105425,193290839,12417445,1098,雀巢优麦燕麦配方麦片500g,Dairy,1,1031105425YK,200.860400,28.462000,212,0.000000,-0.165094,2022/02/09,27.9110,21.2,,,,,,价格差异,不符合价差检查标准,
01 NKA,家乐福,20220207,1031105425,11503110098,12495911,1098,雀巢蜂蜜脆谷乐营养谷物食品300g,CPW,1,1031105425YK,191.102000,0.000000,235,0.000000,0.000000,2022/02/09,26.5550,23.5,,,,,," ",,
01 NKA,家乐福,20220207,1031105425,12274250354,12501695,1098,雀巢咖啡特调果萃系列香柚莫奇托风味即溶咖啡饮品@10(5x15g)CN,Coffee,1,1031105425YK,56.924000,0.000000,70,0.000000,0.000000,2022/02/09,7.9100,7,,,,,," ",,
01 NKA,家乐福,20220207,1031105425,12301248100,12482071,1098,雀巢怡运水果加纤营养奶粉香蕉味200g,Dairy,1,1031105425YK,141.496800,0.000000,174,0.000000,0.000000,2022/02/09,19.6620,17.4,,,,,," ",,
01 NKA,家乐福,20220207,1031105425,10557881569,12342813,1098,雀巢NIDO全脂高钙奶粉立袋装900g,Dairy,1,1031105425YK,659.504624,-0.000576,811,0.000000,0.000001,2022/02/09,76.3691,67.583333,,,,,," ",,
01 NKA,家乐福,20220207,1031105425,10733404801,12362972,1098,雀巢金牌咖啡至雅柔和100g,Coffee,1,1031105425YK,595.473976,-38.008824,779,0.000000,0.060000,2022/02/09,68.9545,64.916667,,,,,,价格差异,不符合价差检查标准,
01 NKA,家乐福,20220207,1031105425,11631131058,12430465,1098,雀巢（Nestle) 金牌挂耳咖啡 手冲大师 中度烘焙 45g,Coffee,1,1031105425YK,146.376000,0.000000,180,0.000000,0.000000,2022/02/09,16.9500,15,,,,,," ",,
01 NKA,家乐福,20220207,1031105425,144750704,12453258,1098,雀巢 金牌GOLD 瑞士 进口速溶咖啡100g/瓶,Coffee,1,1031105425YK,595.473976,-38.008824,779,0.000000,0.060000,2022/02/09,68.9545,64.916667,,,,,,价格差异,不符合价差检查标准,
01 NKA,家乐福,20220207,1031105425,12282378505,12467135,1098,雀巢鹰唛炼奶芝士味100g,Dairy,5,1031105425YK,813.202879,0.002879,200,0.000000,-0.000004,2022/02/09,9.4167,8.333333,,,,,," ",,
01 NKA,家乐福,20220207,1031105425,12207432889,,1098,雀巢咖啡金牌手冲大师研磨礼盒,,3,1031105425YK,,,,,,2022/02/09,129.0121,,,,,,,产品编码有误,客户网站产品编码无法通过信息表mapping出雀巢产品,
01 NKA,家乐福,20220207,1031105425,12274147641,12501697,1098,雀巢咖啡特调果萃系列沁风桃桃风味即溶咖啡饮品@10(5x15g)CN,Coffee,2,1031105425YK,113.848000,0.000000,70,0.000000,0.000000,2022/02/09,7.9100,7,,,,,," ",,
01 NKA,家乐福,20220207,1031105425,11724419143,12431506,1098,雀巢营养早餐谷物食品迷你装27g*4,CPW,1,1031105425YK,199.234000,-8.132000,255,0.000000,0.039216,2022/02/09,13.8425,12.75,,,,,,价格差异,不符合价差检查标准,
01 NKA,家乐福,20220207,1031105425,12314345846,12495121,1098,雀巢咖啡5杯装 绵醇卡布奇诺口味 95g,Coffee,2,1031105425YK,196.794400,0.000000,121,0.000000,0.000000,2022/02/09,13.6730,12.1,,,,,," ",,
01 NKA,家乐福,20220207,1031105425,12274250358,12479092,1098,雀巢咖啡特调果萃系列热情百香果风味即溶咖啡饮品@10(5x15g)CN,Coffee,2,1031105425YK,113.848000,0.000000,70,0.000000,0.000000,2022/02/09,7.9100,7,,,,,," ",,
01 NKA,家乐福,20220207,1031105425,12282378529,12467155,1098,雀巢鹰唛奶酱太妃味100g,Dairy,1,1031105425YK,162.640576,0.000576,200,0.000000,-0.000004,2022/02/09,9.4167,8.333333,,,,,," ",,
01 NKA,家乐福,20220207,1031105425,124223137,12326605,1098,雀巢咖啡 摩卡咖啡 21g*12条,Coffee,2,1031105425YK,465.007622,-24.538778,301,0.000000,0.050126,2022/02/09,26.9234,25.083333,,,,,,价格差异,不符合价差检查标准,
01 NKA,家乐福,20220207,1031105425,12232655224,12462258,1098,雀巢金牌手冲大师富士·雅酌研磨咖啡63g,Coffee,2,1031105425YK,631.042049,-0.001151,388,0.000000,0.000002,2022/02/09,36.5366,32.333333,,,,,," ",,
01 NKA,家乐福,20220207,1031105425,11631130977,12430466,1098,雀巢（Nestle）金牌挂耳咖啡 手冲大师 深度烘焙 45g,Coffee,2,1031105425YK,292.752000,0.000000,180,0.000000,0.000000,2022/02/09,16.9500,15,,,,,," ",,
01 NKA,家乐福,20220207,1031105425,11663157360,12376638,1098,雀巢NIDO有机全脂奶粉900g,Dairy,2,1031105425YK,2771.385600,0.000000,1704,0.000000,0.000000,2022/02/09,160.4600,142,,,,,," ",,
01 NKA,家乐福,20220207,1031105425,104431708,12495353,1098,雀巢（Nestle）咖啡伴侣瓶装200g,Coffee,2,1031105425YK,297.631200,0.000000,183,0.000000,0.000000,2022/02/09,17.2325,15.25,,,,,," ",,
01 NKA,家乐福,20220207,1031105425,103635812,12495343,1098,雀巢 咖啡伴侣 400g,Coffee,2,1031105425YK,517.195200,0.000000,318,0.000000,0.000000,2022/02/09,29.9450,26.5,,,,,," ",,
01 NKA,家乐福,20220207,1031105425,11738016413,12441219,1098,星巴克深度烘焙精品速溶咖啡23克（内含10条）,Coffee,3,1031105425YK,622.195584,0.097584,255,0.000000,-0.000157,2022/02/09,36.0244,31.875,,,,,," ",,
01 NKA,家乐福,20220207,1031105425,12316195422,12495109,1098,雀巢金牌香草风味玛奇朵条装即溶咖啡饮品95g,Coffee,3,1031105425YK,295.191600,0.000000,121,0.000000,0.000000,2022/02/09,13.6730,12.1,,,,,," ",,
01 NKA,家乐福,20220207,1031105425,12317000385,12495107,1098,雀巢金牌厚乳风味拿铁条装即溶咖啡饮品95g,Coffee,3,1031105425YK,295.191600,0.000000,121,0.000000,0.000000,2022/02/09,13.6730,12.1,,,,,," ",,
01 NKA,家乐福,20220207,1031105425,124235753,12417587,1098,雀巢优麦 3合1即食牛奶燕麦片400g(10袋x40g),Dairy,2,1031105425YK,642.753280,104.414880,331,0.000000,-0.193958,2022/02/09,27.9110,20.6875,,,,,,价格差异,不符合价差检查标准,
01 NKA,家乐福,20220207,1031105425,124078668,12326603,1098,雀巢臻享白咖啡348g(12条*29g),Coffee,3,1031105425YK,697.511433,-36.808167,301,0.000000,0.050126,2022/02/09,26.9234,25.083333,,,,,,价格差异,不符合价差检查标准,
01 NKA,家乐福,20220207,1031105425,11663158711,12245095,1098,雀巢玉米片150g,CPW,2,1031105425YK,282.148160,-26.867840,190,0.000000,0.086946,2022/02/09,10.8907,10.555556,,,,,,价格差异,不符合价差检查标准,
01 NKA,家乐福,20220207,1031105425,124227011,12326608,1098,雀巢GOLDL丝滑拿铁条装即溶咖啡饮品12x20g,Coffee,3,1031105425YK,697.511433,-36.808167,301,0.000000,0.050126,2022/02/09,26.9234,25.083333,,,,,,价格差异,不符合价差检查标准,
01 NKA,家乐福,20220207,1031105425,12333409148,,1098,雀巢咖啡绝对深黑95%深烘速溶咖啡54g,,2,1031105425YK,,,,,,2022/02/09,31.9225,,,,,,,产品编码有误,客户网站产品编码无法通过信息表mapping出雀巢产品,
01 NKA,家乐福,20220207,1031105425,124232772,12483915,1098,雀巢(Nestle)怡养健心中老年奶粉400g,Dairy,4,1031105425YK,1736.995200,0.000000,534,0.000000,0.000000,2022/02/09,50.2850,44.5,,,,,," ",,
01 NKA,家乐福,20220207,1031105425,11663157236,,1098,雀巢咖啡醇品+咖啡伴侣大礼盒200g+400g,,9,1031105425YK,,,,,,2022/02/09,110.2126,,,,,,,产品编码有误,客户网站产品编码无法通过信息表mapping出雀巢产品,
01 NKA,家乐福,20220207,1031105425,638040027,12408055,1098,雀巢全脂高钙奶粉（调制乳粉）900g/罐,Dairy,1,1031105425YK,435.062288,0.000288,535,0.000000,-0.000001,2022/02/09,100.7584,89.166667,,,,,," ",,
01 NKA,家乐福,20220207,1031105425,10557275819,12338778,1098,雀巢NIDO脱脂高钙奶粉袋装400g,Dairy,3,1031105425YK,2027.310191,0.002591,831,0.000000,-0.000001,2022/02/09,39.1263,34.625,,,,,," ",,
01 NKA,家乐福,20220207,1031105425,11738016366,12442059,1098,星巴克中度烘焙精品速溶咖啡23克（内含10条）,Coffee,1,1031105425YK,207.398528,0.032528,255,0.000000,-0.000157,2022/02/09,36.0244,31.875,,,,,," ",,
01 NKA,家乐福,20220207,1031105425,12333409373,12502717,1098,雀巢咖啡绝对深黑95%深烘速溶咖啡14.4g,Coffee,6,1031105425YK,622.098000,2.439600,127,0.000000,-0.003937,2022/02/09,9.6050,8.466667,,,,,," ",,
01 NKA,家乐福,20220207,1031105425,104431706,12498467,1098,雀巢咖啡 醇品 速溶咖啡 36g/盒(1.8gx20包),Coffee,2,1031105425YK,917.289600,0.000000,564,0.000000,0.000000,2022/02/09,13.2775,11.75,,,,,," ",,
01 NKA,家乐福,20220207,1031105425,124235278,9122238,1098,雀巢 鹰麦炼奶巧克力味 185g,Dairy,4,1031105425YK,754.654206,0.004606,232,0.000000,-0.000006,2022/02/09,10.9234,9.666667,,,,,," ",,
01 NKA,家乐福,20220207,1031107595,12104383411,12457070,1097,雀巢脆脆鲨玛奇朵咖啡味威化代可可脂巧克力123g,Confec.,5,1031107595YK,934.854720,-0.325280,230,0.000000,0.000348,2022/02/09,10.8254,9.583333,,,,,," ",,
01 NKA,家乐福,20220207,1031107595,12104383424,12458793,1097,雀巢脆脆鲨鲨刻能榛果味威化代可可脂巧克力(分享装)200g,Confec.,6,1031107595YK,1297.867200,-68.308800,280,0.000000,0.050000,2022/02/09,15.0290,14,,,,,,价格差异,不符合价差检查标准,
01 NKA,家乐福,20220207,1031107595,12265390619,12477311,1097,雀巢脆脆鲨鲨明治牛奶味威化饼干小粒装77g,Confec.,11,1031107595YK,608.279933,0.006333,68,0.000000,-0.000010,2022/02/09,6.4034,5.666667,,,,,," ",,
01 NKA,家乐福,20220207,1031107595,12340505361,,1097,雀巢脆脆鲨巧克力口味威化代可可脂巧克力480g,,6,1031107595YK,,,,,,2022/02/09,21.8636,,,,,,,产品编码有误,客户网站产品编码无法通过信息表mapping出雀巢产品,
01 NKA,家乐福,20220207,1031107595,12124154316,12456436,1097,雀巢脆脆鲨鲨明治芝士味小粒装威化饼干77g,Confec.,12,1031107595YK,663.578109,0.006909,68,0.000000,-0.000010,2022/02/09,6.4034,5.666667,,,,,," ",,
01 NKA,家乐福,20220207,1031107595,12106088459,12486359,1097,雀巢(Nestle)趣满果零食 莓莓桃仔 乳酸菌风味儿童糖果软糖 100g,Confec.,6,1031107595YK,1278.740736,0.390336,262,0.000000,-0.000305,2022/02/09,12.3396,10.916667,,,,,," ",,
01 NKA,家乐福,20220207,1031107595,12104383425,12457080,1097,雀巢脆脆鲨鸳鸯奶茶味威化代可可脂巧克力123g,Confec.,9,1031107595YK,1682.738496,-0.585504,230,0.000000,0.000348,2022/02/09,10.8254,9.583333,,,,,," ",,
01 NKA,家乐福,20220207,1031107595,12124154262,12457562,1097,雀巢脆脆鲨鲨明治巧克力味威化饼干小粒装77g,Confec.,2,1031107595YK,110.596351,0.001151,68,0.000000,-0.000010,2022/02/09,6.4034,5.666667,,,,,," ",,
01 NKA,家乐福,20220207,1031107595,12310080005,12497731,1097,雀巢脆脆鲨刻能榛果味威化代可可脂巧克力80g,Confec.,1,1031107595YK,114.953952,-6.212848,149,0.000000,0.051275,2022/02/09,6.6557,6.208333,,,,,,价格差异,不符合价差检查标准,
01 NKA,家乐福,20220207,1031107595,134553454,12457091,1097,雀巢脆脆鲨花生味威化24+8条促销装(24+8)x20g,Confec.,1,1031107595YK,496.279408,-34.740192,653,0.000000,0.065422,2022/02/09,28.7340,27.208333,,,,,,价格差异,不符合价差检查标准,
01 NKA,家乐福,20220207,1031107595,171162999,,1097,雀巢脆脆鲨巧倾芯提拉米苏味180g,,1,1031107595YK,,,,,,2022/02/09,12.1829,,,,,,,产品编码有误,客户网站产品编码无法通过信息表mapping出雀巢产品,
01 NKA,家乐福,20220207,1031107595,12265406332,12477307,1097,雀巢脆脆鲨葡萄味威化代可可脂巧克力123g,Confec.,14,1031107595YK,2618.487880,-0.016120,230,0.000000,0.000006,2022/02/09,10.8291,9.583333,,,,,," ",,
01 NKA,家乐福,20220207,1031107595,12310382625,12498720,1097,雀巢脆脆鲨巧克力口味威化代可可脂巧克力分享桶330g,Confec.,37,1031107595YK,5311.811461,-164.277339,182,0.000000,0.029999,2022/02/09,16.6242,15.166667,,,,,,价格差异,不符合价差检查标准,
01 NKA,家乐福,20220207,1031107595,11684452690,12458087,1097,雀巢威化散装,Confec.,12,1031107595YK,2849.452800,0.000000,292,0.000000,0.000000,2022/02/09,65.9920,58.4,,,,,," ",,
01 NKA,家乐福,20220207,1031107595,12278689924,12484742,1097,雀巢脆脆鲨鲨可棒椰子味注心饼干60g,Confec.,3,1031107595YK,268.352546,-0.003454,110,0.000000,0.000013,2022/02/09,5.1791,4.583333,,,,,," ",,
01 NKA,家乐福,20220207,1031107595,12278689676,12484743,1097,雀巢脆脆鲨鲨可棒巧克力味注心饼干60g,Confec.,3,1031107595YK,268.352546,-0.003454,110,0.000000,0.000013,2022/02/09,5.1791,4.583333,,,,,," ",,
01 NKA,家乐福,20220207,1031107595,12340506649,,1097,雀巢脆脆鲨牛奶口味威化代可可脂巧克力480g,,3,1031107595YK,,,,,,2022/02/09,21.8636,,,,,,,产品编码有误,客户网站产品编码无法通过信息表mapping出雀巢产品,
01 NKA,家乐福,20220207,1031107595,12104383415,12458748,1097,雀巢脆脆鲨鲨刻能花生味威化代可可脂巧克力(分享装)200g,Confec.,4,1031107595YK,865.244800,-45.539200,280,0.000000,0.050000,2022/02/09,15.0290,14,,,,,,价格差异,不符合价差检查标准,
01 NKA,家乐福,20220207,1031107595,12341876201,,1097,雀巢脆脆鲨混合口味大礼包374g,,10,1031107595YK,,,,,,2022/02/09,30.1339,,,,,,,产品编码有误,客户网站产品编码无法通过信息表mapping出雀巢产品,
01 NKA,家乐福,20220207,1031107595,12104383426,12451132,1097,雀巢(Nestle)趣满果零食 缤纷杂果 果汁儿童糖果软糖 分享装120g,Confec.,4,1031107595YK,852.493824,0.260224,262,0.000000,-0.000305,2022/02/09,12.3396,10.916667,,,,,," ",,
01 NKA,家乐福,20220207,1031107598,11272864621,12495904,1097,雀巢可可味滋滋营养早餐谷物食品330g,CPW,1,1031107598YK,166.136760,-24.965240,235,0.000000,0.130638,2022/02/09,23.0859,23.5,,,,,,价格差异,不符合价差检查标准,
01 NKA,家乐福,20220207,1031107598,12317000385,12495107,1097,雀巢金牌厚乳风味拿铁条装即溶咖啡饮品95g,Coffee,1,1031107598YK,98.397200,0.000000,121,0.000000,0.000000,2022/02/09,13.6730,12.1,,,,,," ",,
01 NKA,家乐福,20220207,1031107598,11663157236,,1097,雀巢咖啡醇品+咖啡伴侣大礼盒200g+400g,,19,1031107598YK,,,,,,2022/02/09,116.0133,,,,,,,产品编码有误,客户网站产品编码无法通过信息表mapping出雀巢产品,
01 NKA,家乐福,20220207,1031107598,12316196118,12498226,1097,雀巢爱思培学生力跃奶粉350g,Dairy,1,1031107598YK,374.917728,0.032528,461,0.000000,-0.000087,2022/02/09,43.4146,38.416667,,,,,," ",,
01 NKA,家乐福,20220207,1031107598,12174291489,12461587,1097,雀巢（Nestle）怡跃 成人奶粉 女士高蛋白 高钙高铁 安骼脱脂奶粉 350g,Dairy,1,1031107598YK,365.940000,0.000000,450,0.000000,0.000000,2022/02/09,42.3750,37.5,,,,,," ",,
01 NKA,家乐福,20220207,1031107598,12232655239,12462280,1097,雀巢金牌手冲大师南意·夏浓研磨咖啡63g,Coffee,1,1031107598YK,315.521024,-0.000576,388,0.000000,0.000002,2022/02/09,36.5366,32.333333,,,,,," ",,
01 NKA,家乐福,20220207,1031107598,11631131058,12430465,1097,雀巢（Nestle) 金牌挂耳咖啡 手冲大师 中度烘焙 45g,Coffee,1,1031107598YK,146.376000,0.000000,180,0.000000,0.000000,2022/02/09,16.9500,15,,,,,," ",,
01 NKA,家乐福,20220207,1031107598,144750705,12453277,1097,雀巢(NESTLE)金 牌GOLD 瑞士原装进口 进口速溶咖啡50g,Coffee,1,1031107598YK,350.489776,0.000576,431,0.000000,-0.000002,2022/02/09,40.5859,35.916667,,,,,," ",,
01 NKA,家乐福,20220207,1031107598,140159806,,1097,雀巢咖啡礼盒醇品200g+咖啡伴侣400g,,2,1031107598YK,,,,,,2022/02/09,110.2123,,,,,,,产品编码有误,客户网站产品编码无法通过信息表mapping出雀巢产品,
01 NKA,家乐福,20220207,1031107598,124078668,12326603,1097,雀巢臻享白咖啡348g(12条*29g),Coffee,1,1031107598YK,232.534900,-12.238300,301,0.000000,0.049999,2022/02/09,26.9270,25.083333,,,,,,价格差异,不符合价差检查标准,
01 NKA,家乐福,20220207,1031107598,12174531188,12456722,1097,雀巢(Nestle) 学生奶粉 6-15岁爱思培 青少年 益护因子 益生菌 盒装350g,Dairy,1,1031107598YK,374.885776,0.000576,461,0.000000,-0.000002,2022/02/09,43.4109,38.416667,,,,,," ",,
01 NKA,家乐福,20220207,1031107598,11824844499,12443652,1097,星巴克Origami 特选综合便携式滴滤咖啡（研磨咖啡）45克（内含5包）,Coffee,3,1031107598YK,517.194336,-0.000864,212,0.000000,0.000002,2022/02/09,39.9266,35.333333,,,,,," ",,
01 NKA,家乐福,20220207,1031107598,11663158711,12245095,1097,雀巢玉米片150g,CPW,1,1031107598YK,141.074080,-13.433920,190,0.000000,0.086946,2022/02/09,10.8907,10.555556,,,,,,价格差异,不符合价差检查标准,
01 NKA,家乐福,20220207,1031107598,12350261550,,1097,雀巢咖啡特调果萃即溶咖啡新年礼盒170g,,2,1031107598YK,,,,,,2022/02/09,15.0290,,,,,,,产品编码有误,客户网站产品编码无法通过信息表mapping出雀巢产品,
01 NKA,家乐福,20220207,1031107598,11724419143,12431506,1097,雀巢营养早餐谷物食品迷你装27g*4,CPW,1,1031107598YK,199.234000,-8.132000,255,0.000000,0.039216,2022/02/09,13.8425,12.75,,,,,,价格差异,不符合价差检查标准,
01 NKA,家乐福,20220207,1031107598,12333409148,,1097,雀巢咖啡绝对深黑95%深烘速溶咖啡54g,,1,1031107598YK,,,,,,2022/02/09,31.9225,,,,,,,产品编码有误,客户网站产品编码无法通过信息表mapping出雀巢产品,
01 NKA,家乐福,20220207,1031107598,12232646300,12462259,1097,雀巢金牌手冲大师北寻·浅光研磨咖啡63g,Coffee,2,1031107598YK,631.042049,-0.001151,388,0.000000,0.000002,2022/02/09,36.5366,32.333333,,,,,," ",,
01 NKA,家乐福,20220207,1031107598,103635812,12495343,1097,雀巢 咖啡伴侣 400g,Coffee,2,1031107598YK,517.195200,0.000000,318,0.000000,0.000000,2022/02/09,29.9450,26.5,,,,,," ",,
01 NKA,家乐福,20220207,1031107598,12282378529,12467155,1097,雀巢鹰唛奶酱太妃味100g,Dairy,1,1031107598YK,162.640576,0.000576,200,0.000000,-0.000004,2022/02/09,9.4167,8.333333,,,,,," ",,
01 NKA,家乐福,20220207,1031107598,12312533118,12342368,1097,雀巢金牌甄选浓郁速溶咖啡80g,Coffee,1,1031107598YK,675.770064,0.000864,831,0.000000,-0.000001,2022/02/09,39.1263,34.625,,,,,," ",,
01 NKA,家乐福,20220207,1031107598,12232655224,12462258,1097,雀巢金牌手冲大师富士·雅酌研磨咖啡63g,Coffee,2,1031107598YK,631.042049,-0.001151,388,0.000000,0.000002,2022/02/09,36.5366,32.333333,,,,,," ",,
01 NKA,家乐福,20220207,1031107598,12279129751,12496119,1097,雀巢怡养益护因子中老年奶粉1400g,Dairy,8,1031107598YK,2032.674720,-380.902880,371,0.000000,0.157817,2022/02/09,117.6895,123.666667,,,,,,价格差异,不符合价差检查标准,
01 NKA,家乐福,20220207,1031107598,124230659,12409361,1097,雀巢怡跃高钙营养奶粉 400g,Dairy,2,1031107598YK,629.416800,0.000000,387,0.000000,0.000000,2022/02/09,36.4425,32.25,,,,,," ",,
01 NKA,家乐福,20220207,1031107598,12274250339,12501705,1097,雀巢咖啡特调果萃系列草莓雪酪风味即溶咖啡饮品@10(5x19g)CN,Coffee,3,1031107598YK,170.772000,0.000000,70,0.000000,0.000000,2022/02/09,7.9100,7,,,,,," ",,
01 NKA,家乐福,20220207,1031107598,11829185855,12443626,1097,星巴克Origami 佛罗娜便携式滴滤咖啡（研磨咖啡）45克（内含5包）（深度烘培）,Coffee,5,1031107598YK,861.990561,-0.001439,212,0.000000,0.000002,2022/02/09,39.9266,35.333333,,,,,," ",,
01 NKA,家乐福,20220207,1031107598,12274250354,12501695,1097,雀巢咖啡特调果萃系列香柚莫奇托风味即溶咖啡饮品@10(5x15g)CN,Coffee,3,1031107598YK,170.772000,0.000000,70,0.000000,0.000000,2022/02/09,7.9100,7,,,,,," ",,
01 NKA,家乐福,20220207,1031107598,11503123276,12495907,1097,雀巢脆谷乐营养谷物食品300g,CPW,3,1031107598YK,515.975400,-57.330600,235,0.000000,0.100000,2022/02/09,23.8995,23.5,,,,,,价格差异,不符合价差检查标准,
01 NKA,家乐福,20220207,1031107598,12316195422,12495109,1097,雀巢金牌香草风味玛奇朵条装即溶咖啡饮品95g,Coffee,3,1031107598YK,295.191600,0.000000,121,0.000000,0.000000,2022/02/09,13.6730,12.1,,,,,," ",,
01 NKA,家乐福,20220207,1031107598,12274250358,12479092,1097,雀巢咖啡特调果萃系列热情百香果风味即溶咖啡饮品@10(5x15g)CN,Coffee,3,1031107598YK,170.772000,0.000000,70,0.000000,0.000000,2022/02/09,7.9100,7,,,,,," ",,
01 NKA,家乐福,20220207,1031107598,191291942,12326607,1097,雀巢金牌丝滑拿铁条装即溶咖啡饮品(20x20g),Coffee,2,1031107598YK,951.443424,-0.000576,585,0.000000,0.000001,2022/02/09,41.3156,36.5625,,,,,," ",,
01 NKA,家乐福,20220207,1031107598,124232772,12483915,1097,雀巢(Nestle)怡养健心中老年奶粉400g,Dairy,3,1031107598YK,1237.610375,-65.136025,534,0.000000,0.049999,2022/02/09,47.7708,44.5,,,,,,价格差异,不符合价差检查标准,
01 NKA,家乐福,20220207,1031107598,11631130977,12430466,1097,雀巢（Nestle）金牌挂耳咖啡 手冲大师 深度烘焙 45g,Coffee,3,1031107598YK,439.128000,0.000000,180,0.000000,0.000000,2022/02/09,16.9500,15,,,,,," ",,
01 NKA,家乐福,20220207,1031107598,103635918,12494598,1097,雀巢咖啡 醇品 200g,Coffee,3,1031107598YK,1722.355873,-0.001727,706,0.000000,0.000001,2022/02/09,66.4816,58.833333,,,,,," ",,
01 NKA,家乐福,20220207,1031107598,11503110098,12495911,1097,雀巢蜂蜜脆谷乐营养谷物食品300g,CPW,4,1031107598YK,687.967200,-76.440800,235,0.000000,0.100000,2022/02/09,23.8995,23.5,,,,,,价格差异,不符合价差检查标准,
01 NKA,家乐福,20220207,1031107598,103635916,12498475,1097,雀巢（Nestle）醇品 速溶 黑咖啡 无蔗糖 冲调饮料 瓶装 50g,Coffee,4,1031107598YK,642.427424,-1.626976,198,0.000000,0.002526,2022/02/09,18.5979,16.5,,,,,," ",,
01 NKA,家乐福,20220207,1031107598,104431706,12498467,1097,雀巢咖啡 醇品 速溶咖啡 36g/盒(1.8gx20包),Coffee,1,1031107598YK,458.644800,0.000000,564,0.000000,0.000000,2022/02/09,13.2775,11.75,,,,,," ",,
01 NKA,家乐福,20220207,1031107598,104431708,12495353,1097,雀巢（Nestle）咖啡伴侣瓶装200g,Coffee,4,1031107598YK,595.262400,0.000000,183,0.000000,0.000000,2022/02/09,17.2325,15.25,,,,,," ",,
01 NKA,家乐福,20220207,1031107598,124231084,12409460,1097,雀巢 高钙营养奶粉 850g/罐,Dairy,1,1031107598YK,309.788180,-16.305020,401,0.000000,0.050001,2022/02/09,71.7455,66.833333,,,,,,价格差异,不符合价差检查标准,
01 NKA,家乐福,20220207,1031107598,12207432889,,1097,雀巢咖啡金牌手冲大师研磨礼盒,,1,1031107598YK,,,,,,2022/02/09,114.9464,,,,,,,产品编码有误,客户网站产品编码无法通过信息表mapping出雀巢产品,
01 NKA,家乐福,20220207,1031107598,12333409371,12505197,1097,雀巢咖啡绝对深黑拿铁即溶咖啡饮品126g,Coffee,4,1031107598YK,605.020800,0.000000,186,0.000000,0.000000,2022/02/09,14.0120,12.4,,,,,," ",,
01 NKA,家乐福,20220207,1031107598,135000912,12326620,1097,雀巢咖啡 馆藏系列 臻享白咖啡580g(20条x29g),Coffee,4,1031107598YK,1902.886849,-0.001151,585,0.000000,0.000001,2022/02/09,41.3156,36.5625,,,,,," ",,
01 NKA,家乐福,20220207,1031107598,12274147641,12501697,1097,雀巢咖啡特调果萃系列沁风桃桃风味即溶咖啡饮品@10(5x15g)CN,Coffee,7,1031107598YK,398.468000,0.000000,70,0.000000,0.000000,2022/02/09,7.9100,7,,,,,," ",,
01 NKA,家乐福,20220207,1031107598,12349962099,,1097,星巴克家享咖啡新春礼盒217g,,12,1031107598YK,,,,,,2022/02/09,147.8266,,,,,,,产品编码有误,客户网站产品编码无法通过信息表mapping出雀巢产品,
01 NKA,家乐福,20220207,1031107598,12264536057,12481583,1097,雀巢怡运全脂营养奶粉袋装1kg,Dairy,9,1031107598YK,3008.029391,0.002591,411,-0.048205,-0.007757,2022/02/09,58.0538,51.375,,,,,," ",,
01 NKA,家乐福,20220207,1031107598,12282378505,12467135,1097,雀巢鹰唛炼奶芝士味100g,Dairy,3,1031107598YK,487.921727,0.001727,200,0.000000,-0.000004,2022/02/09,9.4167,8.333333,,,,,," ",,
01 NKA,家乐福,20220207,1031107598,12333409373,12502717,1097,雀巢咖啡绝对深黑95%深烘速溶咖啡14.4g,Coffee,5,1031107598YK,518.415000,2.033000,127,0.000000,-0.003937,2022/02/09,9.6050,8.466667,,,,,," ",,
01 NKA,家乐福,20220207,1031107598,10557881569,12342813,1097,雀巢NIDO全脂高钙奶粉立袋装900g,Dairy,7,1031107598YK,4616.532370,-0.004030,811,0.000000,0.000001,2022/02/09,76.3691,67.583333,,,,,," ",,
01 NKA,家乐福,20220207,1031107598,134995883,12477184,1097,雀巢咖啡1+2无蔗糖添加双豆拼配条装即溶咖啡330g(新口味30条x11g）,Coffee,8,1031107598YK,2465.949407,-129.784993,399,0.000000,0.049999,2022/02/09,35.6939,33.25,,,,,,价格差异,不符合价差检查标准,
01 NKA,家乐福,20220207,1031107598,10557275819,12338778,1097,雀巢NIDO脱脂高钙奶粉袋装400g,Dairy,4,1031107598YK,2703.080254,0.003454,831,0.000000,-0.000001,2022/02/09,39.1263,34.625,,,,,," ",,
01 NKA,家乐福,20220207,1031106060,12333821114,,1095,ONE三文鱼配方成年期全价猫粮12x400g,,2,1031106060YKNPP,,,,,,2022/02/09,17.5272,,,,,,,产品编码有误,客户网站产品编码无法通过信息表mapping出雀巢产品,
01 NKA,家乐福,20220207,1031106060,12266584879,12465667,1095,珍致宠物零食软包猫罐头 精选鲣鱼和金枪鱼配方 添加三文鱼,NPP,2,1031106060YKNPP,,,197,,,2022/02/09,4.4690,,,,,,,产品箱规不一致,客户系统产品包装规格和雀巢包装规格不一致，客户箱规：12， 雀巢箱规：48,
01 NKA,家乐福,20220207,1031106058,12274147641,12501697,1095,雀巢咖啡特调果萃系列沁风桃桃风味即溶咖啡饮品@10(5x15g)CN,Coffee,1,1031106058YK,54.077800,-2.846200,70,0.000000,0.050000,2022/02/09,7.5145,7,,,,,,价格差异,不符合价差检查标准,
01 NKA,家乐福,20220207,1031106058,12174531188,12456722,1095,雀巢(Nestle) 学生奶粉 6-15岁爱思培 青少年 益护因子 益生菌 盒装350g,Dairy,1,1031106058YK,374.878867,-0.006333,461,0.000000,0.000017,2022/02/09,43.4101,38.416667,,,,,," ",,
01 NKA,家乐福,20220207,1031106058,11663157360,12376638,1095,雀巢NIDO有机全脂奶粉900g,Dairy,1,1031106058YK,1385.692800,0.000000,1704,0.000000,0.000000,2022/02/09,160.4600,142,,,,,," ",,
01 NKA,家乐福,20220207,1031106058,134995883,12477184,1095,雀巢咖啡1+2无蔗糖添加双豆拼配条装即溶咖啡330g(新口味30条x11g）,Coffee,1,1031106058YK,308.365440,3.848640,399,0.050000,-0.000376,2022/02/09,35.7080,33.25,,,,,," ",,
01 NKA,家乐福,20220207,1031106058,12174291489,12461587,1095,雀巢（Nestle）怡跃 成人奶粉 女士高蛋白 高钙高铁 安骼脱脂奶粉 350g,Dairy,1,1031106058YK,347.643432,-18.296568,450,0.000000,0.049999,2022/02/09,40.2563,37.5,,,,,,价格差异,不符合价差检查标准,
01 NKA,家乐福,20220207,1031106058,134997033,12480459,1095,雀巢咖啡1+2无蔗糖添加双豆拼配条装即溶咖啡77g(新口味7条x11g),Coffee,1,1031106058YK,101.649280,-0.000720,125,0.000000,0.000007,2022/02/09,9.4166,8.333333,,,,,," ",,
01 NKA,家乐福,20220207,1031106058,124090636,12479912,1095,雀巢咖啡1+2特浓双豆拼配条装即溶咖啡 91g(7条x13g),Coffee,1,1031106058YK,101.649280,-0.000720,125,0.000000,0.000007,2022/02/09,9.4166,8.333333,,,,,," ",,
01 NKA,家乐福,20220207,1031106058,12264536057,12481583,1095,雀巢怡运全脂营养奶粉袋装1kg,Dairy,2,1031106058YK,668.450976,0.000576,411,-0.048205,-0.007757,2022/02/09,58.0538,51.375,,,,,," ",,
01 NKA,家乐福,20220207,1031106058,10595719440,12416019,1095,雀巢全脂高钙奶粉375g,Dairy,1,1031106058YK,382.407948,-20.126052,495,0.000000,0.049998,2022/02/09,29.5213,27.5,,,,,,价格差异,不符合价差检查标准,
01 NKA,家乐福,20220207,1031106058,12312533118,12342368,1095,雀巢金牌甄选浓郁速溶咖啡80g,Coffee,1,1031106058YK,615.038273,-60.730927,831,0.000000,0.089869,2022/02/09,35.6100,34.625,,,,,,价格差异,不符合价差检查标准,
01 NKA,家乐福,20220207,1031106058,124232772,12483915,1095,雀巢(Nestle)怡养健心中老年奶粉400g,Dairy,2,1031106058YK,825.073584,-43.424016,534,0.000000,0.049999,2022/02/09,47.7708,44.5,,,,,,价格差异,不符合价差检查标准,
01 NKA,家乐福,20220207,1031106058,12282378505,12467135,1095,雀巢鹰唛炼奶芝士味100g,Dairy,1,1031106058YK,162.640576,0.000576,200,0.000000,-0.000004,2022/02/09,9.4167,8.333333,,,,,," ",,
01 NKA,家乐福,20220207,1031106058,12279129751,12496119,1095,雀巢怡养益护因子中老年奶粉1400g,Dairy,9,1031106058YK,2286.759060,-428.515740,371,0.000000,0.157817,2022/02/09,117.6895,123.666667,,,,,,价格差异,不符合价差检查标准,
01 NKA,家乐福,20220207,1031106058,124089590,12479927,1095,雀巢咖啡1+2奶香双豆拼配条装即溶咖啡 105g(7条x15g),Coffee,2,1031106058YK,203.298561,-0.001439,125,0.000000,0.000007,2022/02/09,9.4166,8.333333,,,,,," ",,
01 NKA,家乐福,20220207,1031106058,124127666,12477189,1095,雀巢咖啡1+2原味15g*30,Coffee,3,1031106058YK,925.096320,-48.304080,399,0.000000,0.049624,2022/02/09,35.7080,33.25,,,,,,价格差异,不符合价差检查标准,
01 NKA,家乐福,20220207,1031106058,11663158711,12245095,1095,雀巢玉米片150g,CPW,2,1031106058YK,282.148160,-26.867840,190,0.000000,0.086946,2022/02/09,10.8907,10.555556,,,,,,价格差异,不符合价差检查标准,
01 NKA,家乐福,20220207,1031106058,124090533,12478718,1095,雀巢咖啡1+2原味双豆拼配条装即溶咖啡 105g(7条x15g),Coffee,3,1031106058YK,304.947841,-0.002159,125,0.000000,0.000007,2022/02/09,9.4166,8.333333,,,,,," ",,
01 NKA,家乐福,20220207,1031113875,102878793,,1097,雀巢能恩2配方奶粉听装900克,,1,1031113875YK,,,,,,2022/02/09,176.2800,,,,,,,产品编码有误,客户网站产品编码无法通过信息表mapping出雀巢产品,
01 NKA,家乐福,20220207,1031113873,11272864621,12495904,1097,雀巢可可味滋滋营养早餐谷物食品330g,CPW,1,1031113873YK,166.136760,-24.965240,235,0.000000,0.130638,2022/02/09,23.0859,23.5,,,,,,价格差异,不符合价差检查标准,
01 NKA,家乐福,20220207,1031113873,12314345846,12495121,1097,雀巢咖啡5杯装 绵醇卡布奇诺口味 95g,Coffee,1,1031113873YK,98.397200,0.000000,121,0.000000,0.000000,2022/02/09,13.6730,12.1,,,,,," ",,
01 NKA,家乐福,20220207,1031113873,12274250354,12501695,1097,雀巢咖啡特调果萃系列香柚莫奇托风味即溶咖啡饮品@10(5x15g)CN,Coffee,1,1031113873YK,56.924000,0.000000,70,0.000000,0.000000,2022/02/09,7.9100,7,,,,,," ",,
01 NKA,家乐福,20220207,1031113873,11503123276,12495907,1097,雀巢脆谷乐营养谷物食品300g,CPW,1,1031113873YK,171.991800,-19.110200,235,0.000000,0.100000,2022/02/09,23.8995,23.5,,,,,,价格差异,不符合价差检查标准,
01 NKA,家乐福,20220207,1031113873,12316195422,12495109,1097,雀巢金牌香草风味玛奇朵条装即溶咖啡饮品95g,Coffee,1,1031113873YK,98.397200,0.000000,121,0.000000,0.000000,2022/02/09,13.6730,12.1,,,,,," ",,
01 NKA,家乐福,20220207,1031113873,12317000385,12495107,1097,雀巢金牌厚乳风味拿铁条装即溶咖啡饮品95g,Coffee,1,1031113873YK,98.397200,0.000000,121,0.000000,0.000000,2022/02/09,13.6730,12.1,,,,,," ",,
01 NKA,家乐福,20220207,1031113873,12274147641,12501697,1097,雀巢咖啡特调果萃系列沁风桃桃风味即溶咖啡饮品@10(5x15g)CN,Coffee,1,1031113873YK,56.924000,0.000000,70,0.000000,0.000000,2022/02/09,7.9100,7,,,,,," ",,
01 NKA,家乐福,20220207,1031113873,103635812,12495343,1097,雀巢 咖啡伴侣 400g,Coffee,1,1031113873YK,258.597600,0.000000,318,0.000000,0.000000,2022/02/09,29.9450,26.5,,,,,," ",,
01 NKA,家乐福,20220207,1031113873,12174291489,12461587,1097,雀巢（Nestle）怡跃 成人奶粉 女士高蛋白 高钙高铁 安骼脱脂奶粉 350g,Dairy,1,1031113873YK,365.940000,0.000000,450,0.000000,0.000000,2022/02/09,42.3750,37.5,,,,,," ",,
01 NKA,家乐福,20220207,1031113873,11824844499,12443652,1097,星巴克Origami 特选综合便携式滴滤咖啡（研磨咖啡）45克（内含5包）,Coffee,2,1031113873YK,344.796224,-0.000576,212,0.000000,0.000002,2022/02/09,39.9266,35.333333,,,,,," ",,
01 NKA,家乐福,20220207,1031113873,103635918,12494598,1097,雀巢咖啡 醇品 200g,Coffee,1,1031113873YK,574.118624,-0.000576,706,0.000000,0.000001,2022/02/09,66.4816,58.833333,,,,,," ",,
01 NKA,家乐福,20220207,1031113873,103635916,12498475,1097,雀巢（Nestle）醇品 速溶 黑咖啡 无蔗糖 冲调饮料 瓶装 50g,Coffee,1,1031113873YK,160.606856,-0.406744,198,0.000000,0.002526,2022/02/09,18.5979,16.5,,,,,," ",,
01 NKA,家乐福,20220207,1031113873,12232655224,12462258,1097,雀巢金牌手冲大师富士·雅酌研磨咖啡63g,Coffee,1,1031113873YK,315.521024,-0.000576,388,0.000000,0.000002,2022/02/09,36.5366,32.333333,,,,,," ",,
01 NKA,家乐福,20220207,1031113873,11631130977,12430466,1097,雀巢（Nestle）金牌挂耳咖啡 手冲大师 深度烘焙 45g,Coffee,1,1031113873YK,146.376000,0.000000,180,0.000000,0.000000,2022/02/09,16.9500,15,,,,,," ",,
01 NKA,家乐福,20220207,1031113873,144750705,12453277,1097,雀巢(NESTLE)金 牌GOLD 瑞士原装进口 进口速溶咖啡50g,Coffee,1,1031113873YK,350.489776,0.000576,431,0.000000,-0.000002,2022/02/09,40.5859,35.916667,,,,,," ",,
01 NKA,家乐福,20220207,1031113873,191291942,12326607,1097,雀巢金牌丝滑拿铁条装即溶咖啡饮品(20x20g),Coffee,1,1031113873YK,475.721712,-0.000288,585,0.000000,0.000001,2022/02/09,41.3156,36.5625,,,,,," ",,
01 NKA,家乐福,20220207,1031113873,11663158711,12245095,1097,雀巢玉米片150g,CPW,1,1031113873YK,141.074080,-13.433920,190,0.000000,0.086946,2022/02/09,10.8907,10.555556,,,,,,价格差异,不符合价差检查标准,
01 NKA,家乐福,20220207,1031113873,11724419143,12431506,1097,雀巢营养早餐谷物食品迷你装27g*4,CPW,1,1031113873YK,199.234000,-8.132000,255,0.000000,0.039216,2022/02/09,13.8425,12.75,,,,,,价格差异,不符合价差检查标准,
01 NKA,家乐福,20220207,1031113873,12333409148,,1097,雀巢咖啡绝对深黑95%深烘速溶咖啡54g,,1,1031113873YK,,,,,,2022/02/09,31.9225,,,,,,,产品编码有误,客户网站产品编码无法通过信息表mapping出雀巢产品,
01 NKA,家乐福,20220207,1031113873,12282378529,12467155,1097,雀巢鹰唛奶酱太妃味100g,Dairy,1,1031113873YK,162.640576,0.000576,200,0.000000,-0.000004,2022/02/09,9.4167,8.333333,,,,,," ",,
01 NKA,家乐福,20220207,1031113873,11663157236,,1097,雀巢咖啡醇品+咖啡伴侣大礼盒200g+400g,,4,1031113873YK,,,,,,2022/02/09,116.0133,,,,,,,产品编码有误,客户网站产品编码无法通过信息表mapping出雀巢产品,
01 NKA,家乐福,20220207,1031113873,124232772,12483915,1097,雀巢(Nestle)怡养健心中老年奶粉400g,Dairy,2,1031113873YK,825.073584,-43.424016,534,0.000000,0.049999,2022/02/09,47.7708,44.5,,,,,,价格差异,不符合价差检查标准,
01 NKA,家乐福,20220207,1031113873,12264536057,12481583,1097,雀巢怡运全脂营养奶粉袋装1kg,Dairy,3,1031113873YK,1002.676464,0.000864,411,-0.048205,-0.007757,2022/02/09,58.0538,51.375,,,,,," ",,
01 NKA,家乐福,20220207,1031113873,12333409380,12505188,1097,雀巢咖啡绝对深黑拿铁即溶咖啡饮品360g,Coffee,1,1031113873YK,551.349600,0.000000,678,0.000000,0.000000,2022/02/09,31.9225,28.25,,,,,," ",,
01 NKA,家乐福,20220207,1031113873,12282378505,12467135,1097,雀巢鹰唛炼奶芝士味100g,Dairy,1,1031113873YK,162.640576,0.000576,200,0.000000,-0.000004,2022/02/09,9.4167,8.333333,,,,,," ",,
01 NKA,家乐福,20220207,1031113873,12349962099,,1097,星巴克家享咖啡新春礼盒217g,,4,1031113873YK,,,,,,2022/02/09,147.8266,,,,,,,产品编码有误,客户网站产品编码无法通过信息表mapping出雀巢产品,
01 NKA,家乐福,20220207,1031113873,12333409371,12505197,1097,雀巢咖啡绝对深黑拿铁即溶咖啡饮品126g,Coffee,2,1031113873YK,302.510400,0.000000,186,0.000000,0.000000,2022/02/09,14.0120,12.4,,,,,," ",,
01 NKA,家乐福,20220207,1031113873,135000912,12326620,1097,雀巢咖啡 馆藏系列 臻享白咖啡580g(20条x29g),Coffee,2,1031113873YK,951.443424,-0.000576,585,0.000000,0.000001,2022/02/09,41.3156,36.5625,,,,,," ",,
01 NKA,家乐福,20220207,1031113873,12333409373,12502717,1097,雀巢咖啡绝对深黑95%深烘速溶咖啡14.4g,Coffee,3,1031113873YK,311.049000,1.219800,127,0.000000,-0.003937,2022/02/09,9.6050,8.466667,,,,,," ",,
01 NKA,家乐福,20220207,1031113873,134995883,12477184,1097,雀巢咖啡1+2无蔗糖添加双豆拼配条装即溶咖啡330g(新口味30条x11g）,Coffee,4,1031113873YK,1232.974704,-64.892496,399,0.000000,0.049999,2022/02/09,35.6939,33.25,,,,,,价格差异,不符合价差检查标准,
01 NKA,家乐福,20220207,1031113873,10557881569,12342813,1097,雀巢NIDO全脂高钙奶粉立袋装900g,Dairy,4,1031113873YK,2638.018497,-0.002303,811,0.000000,0.000001,2022/02/09,76.3691,67.583333,,,,,," ",,
01 NKA,家乐福,20220207,1031113873,104431706,12498467,1097,雀巢咖啡 醇品 速溶咖啡 36g/盒(1.8gx20包),Coffee,1,1031113873YK,458.644800,0.000000,564,0.000000,0.000000,2022/02/09,13.2775,11.75,,,,,," ",,
01 NKA,家乐福,20220207,1031113873,10557275819,12338778,1097,雀巢NIDO脱脂高钙奶粉袋装400g,Dairy,2,1031113873YK,1351.540127,0.001727,831,0.000000,-0.000001,2022/02/09,39.1263,34.625,,,,,," ",,
01 NKA,家乐福,20220207,1031114309,10137148488,,1098,嘉宝有机香蕉苹果营养米粉225g,,2,1031114309YK,,,,,,2022/02/09,55.9350,,,,,,,产品编码有误,客户网站产品编码无法通过信息表mapping出雀巢产品,
01 NKA,家乐福,20220207,1031114587,146570767,12237391,1093,雀巢淡奶油250mL,Dairy,54,1031114587YK,11856.456000,-1009.994400,293,0.000000,0.078498,2022/02/09,12.7125,12.208333,,,,,,价格差异,不符合价差检查标准,
01 NKA,家乐福,20220207,1031113872,12310382625,12498720,1097,雀巢脆脆鲨巧克力口味威化代可可脂巧克力分享桶330g,Confec.,9,1031113872YK,1292.062247,-39.959353,182,0.000000,0.029999,2022/02/09,16.6242,15.166667,,,,,,价格差异,不符合价差检查标准,
01 NKA,家乐福,20220207,1031113872,12124154262,12457562,1097,雀巢脆脆鲨鲨明治巧克力味威化饼干小粒装77g,Confec.,1,1031113872YK,55.298176,0.000576,68,0.000000,-0.000010,2022/02/09,6.4034,5.666667,,,,,," ",,
01 NKA,家乐福,20220207,1031113872,12124154316,12456436,1097,雀巢脆脆鲨鲨明治芝士味小粒装威化饼干77g,Confec.,1,1031113872YK,55.298176,0.000576,68,0.000000,-0.000010,2022/02/09,6.4034,5.666667,,,,,," ",,
01 NKA,家乐福,20220207,1031113872,12265390619,12477311,1097,雀巢脆脆鲨鲨明治牛奶味威化饼干小粒装77g,Confec.,1,1031113872YK,55.298176,0.000576,68,0.000000,-0.000010,2022/02/09,6.4034,5.666667,,,,,," ",,
01 NKA,家乐福,20220207,1031113872,12341876201,,1097,雀巢脆脆鲨混合口味大礼包374g,,2,1031113872YK,,,,,,2022/02/09,30.1339,,,,,,,产品编码有误,客户网站产品编码无法通过信息表mapping出雀巢产品,
01 NKA,家乐福,20220207,1031113872,12104383415,12458748,1097,雀巢脆脆鲨鲨刻能花生味威化代可可脂巧克力(分享装)200g,Confec.,1,1031113872YK,216.311200,-11.384800,280,0.000000,0.050000,2022/02/09,15.0290,14,,,,,,价格差异,不符合价差检查标准,
01 NKA,家乐福,20220207,1031113872,12104383424,12458793,1097,雀巢脆脆鲨鲨刻能榛果味威化代可可脂巧克力(分享装)200g,Confec.,1,1031113872YK,216.311200,-11.384800,280,0.000000,0.050000,2022/02/09,15.0290,14,,,,,,价格差异,不符合价差检查标准,
01 NKA,家乐福,20220207,1031113872,12265406332,12477307,1097,雀巢脆脆鲨葡萄味威化代可可脂巧克力123g,Confec.,1,1031113872YK,187.034849,-0.001151,230,0.000000,0.000006,2022/02/09,10.8291,9.583333,,,,,," ",,
01 NKA,家乐福,20220207,1031113872,12340505361,,1097,雀巢脆脆鲨巧克力口味威化代可可脂巧克力480g,,1,1031113872YK,,,,,,2022/02/09,21.8636,,,,,,,产品编码有误,客户网站产品编码无法通过信息表mapping出雀巢产品,
01 NKA,家乐福,20220207,1031113872,134553454,12457091,1097,雀巢脆脆鲨花生味威化24+8条促销装(24+8)x20g,Confec.,1,1031113872YK,496.279408,-34.740192,653,0.000000,0.065422,2022/02/09,28.7340,27.208333,,,,,,价格差异,不符合价差检查标准,
01 NKA,家乐福,20220207,1031113872,12106088459,12486359,1097,雀巢(Nestle)趣满果零食 莓莓桃仔 乳酸菌风味儿童糖果软糖 100g,Confec.,1,1031113872YK,213.123456,0.065056,262,0.000000,-0.000305,2022/02/09,12.3396,10.916667,,,,,," ",,
01 NKA,家乐福,20220207,1031113872,12104383425,12457080,1097,雀巢脆脆鲨鸳鸯奶茶味威化代可可脂巧克力123g,Confec.,1,1031113872YK,186.970944,-0.065056,230,0.000000,0.000348,2022/02/09,10.8254,9.583333,,,,,," ",,
01 NKA,家乐福,20220207,1031113872,12278689676,12484743,1097,雀巢脆脆鲨鲨可棒巧克力味注心饼干60g,Confec.,1,1031113872YK,89.450849,-0.001151,110,0.000000,0.000013,2022/02/09,5.1791,4.583333,,,,,," ",,
01 NKA,家乐福,20220207,1031113872,12104383426,12451132,1097,雀巢(Nestle)趣满果零食 缤纷杂果 果汁儿童糖果软糖 分享装120g,Confec.,2,1031113872YK,426.246912,0.130112,262,0.000000,-0.000305,2022/02/09,12.3396,10.916667,,,,,," ",,
01 NKA,家乐福,20220207,1031114584,12341876201,,1093,雀巢脆脆鲨混合口味大礼包374g,,14,1031114584YK,,,,,,2022/02/09,30.1371,,,,,,,产品编码有误,客户网站产品编码无法通过信息表mapping出雀巢产品,
01 NKA,家乐福,20220207,1031114584,134151720,12459749,1093,雀巢脆脆鲨巧克力威化20g*4,Confec.,30,1031114584YK,3025.104000,0.000000,124,0.000000,0.000000,2022/02/09,3.5030,3.1,,,,,," ",,
01 NKA,家乐福,20220207,1031114584,146152115,12445522,1093,雀巢趣满果情迷热带桶装70g,Confec.,2,1031114584YK,806.700157,0.005757,496,0.000000,-0.000007,2022/02/09,7.7845,6.888889,,,,,," ",,
01 NKA,家乐福,20220207,1031114584,12278689924,12484742,1093,雀巢脆脆鲨鲨可棒椰子味注心饼干60g,Confec.,6,1031114584YK,536.705091,-0.006909,110,0.000000,0.000013,2022/02/09,5.1791,4.583333,,,,,," ",,
01 NKA,家乐福,20220207,1031114584,12310080005,12497731,1093,雀巢脆脆鲨刻能榛果味威化代可可脂巧克力80g,Confec.,6,1031114584YK,726.024960,-0.975840,149,0.000000,0.001342,2022/02/09,7.0060,6.208333,,,,,," ",,
01 NKA,家乐福,20220207,1031114584,12278689676,12484743,1093,雀巢脆脆鲨鲨可棒巧克力味注心饼干60g,Confec.,6,1031114584YK,536.705091,-0.006909,110,0.000000,0.000013,2022/02/09,5.1791,4.583333,,,,,," ",,
01 NKA,家乐福,20220207,1031114584,11563030094,12456821,1093,雀巢(Nestle)脆脆鲨草莓味威化代可可脂巧克力123g,Confec.,7,1031114584YK,1311.528960,2.276960,230,0.000000,-0.001739,2022/02/09,10.8480,9.583333,,,,,," ",,
01 NKA,家乐福,20220207,1031114584,11781971739,12456952,1093,雀巢脆脆鲨白桃味威化代可可脂巧克力123g,Confec.,7,1031114584YK,1309.243940,-0.008060,230,0.000000,0.000006,2022/02/09,10.8291,9.583333,,,,,," ",,
01 NKA,家乐福,20220207,1031114584,12340505361,,1093,雀巢脆脆鲨巧克力口味威化代可可脂巧克力480g,,9,1031114584YK,,,,,,2022/02/09,23.2780,,,,,,,产品编码有误,客户网站产品编码无法通过信息表mapping出雀巢产品,
01 NKA,家乐福,20220207,1031114584,12265406332,12477307,1093,雀巢脆脆鲨葡萄味威化代可可脂巧克力123g,Confec.,9,1031114584YK,1683.313637,-0.010363,230,0.000000,0.000006,2022/02/09,10.8291,9.583333,,,,,," ",,
01 NKA,家乐福,20220207,1031114584,12104383424,12458793,1093,雀巢脆脆鲨鲨刻能榛果味威化代可可脂巧克力(分享装)200g,Confec.,11,1031114584YK,2504.656000,0.000000,280,0.000000,0.000000,2022/02/09,15.8200,14,,,,,," ",,
01 NKA,家乐福,20220207,1031114584,12278688346,12484735,1093,雀巢脆脆鲨鲨可棒芝士味注心饼干60g,Confec.,1,1031114584YK,89.450849,-0.001151,110,0.000000,0.000013,2022/02/09,5.1791,4.583333,,,,,," ",,
01 NKA,家乐福,20220207,1031114584,12104383425,12457080,1093,雀巢脆脆鲨鸳鸯奶茶味威化代可可脂巧克力123g,Confec.,10,1031114584YK,1869.709440,-0.650560,230,0.000000,0.000348,2022/02/09,10.8254,9.583333,,,,,," ",,
01 NKA,家乐福,20220207,1031114584,12310382625,12498720,1093,雀巢脆脆鲨巧克力口味威化代可可脂巧克力分享桶330g,Confec.,21,1031114584YK,3014.467344,-93.583056,182,0.000000,0.030110,2022/02/09,16.6223,15.166667,,,,,,价格差异,不符合价差检查标准,
01 NKA,家乐福,20220207,1031114584,146152116,12445531,1093,雀巢趣满果杂果味桶装70g,Confec.,4,1031114584YK,1613.400314,0.011514,496,0.000000,-0.000007,2022/02/09,7.7845,6.888889,,,,,," ",,
01 NKA,家乐福,20220207,1031114584,12124154262,12457562,1093,雀巢脆脆鲨鲨明治巧克力味威化饼干小粒装77g,Confec.,3,1031114584YK,165.894527,0.001727,68,0.000000,-0.000010,2022/02/09,6.4034,5.666667,,,,,," ",,
01 NKA,家乐福,20220207,1031114584,12104383415,12458748,1093,雀巢脆脆鲨鲨刻能花生味威化代可可脂巧克力(分享装)200g,Confec.,2,1031114584YK,455.392000,0.000000,280,0.000000,0.000000,2022/02/09,15.8200,14,,,,,," ",,
01 NKA,家乐福,20220207,1031114584,134358556,12459525,1093,雀巢脆脆鲨奶香威化20g*4,Confec.,1,1031114584YK,100.836800,0.000000,124,0.000000,0.000000,2022/02/09,3.5030,3.1,,,,,," ",,
01 NKA,家乐福,20220207,1031114584,12265390619,12477311,1093,雀巢脆脆鲨鲨明治牛奶味威化饼干小粒装77g,Confec.,5,1031114584YK,276.490879,0.002879,68,0.000000,-0.000010,2022/02/09,6.4034,5.666667,,,,,," ",,
01 NKA,家乐福,20220207,1031114584,12104383426,12451132,1093,雀巢(Nestle)趣满果零食 缤纷杂果 果汁儿童糖果软糖 分享装120g,Confec.,3,1031114584YK,639.370368,0.195168,262,0.000000,-0.000305,2022/02/09,12.3396,10.916667,,,,,," ",,
01 NKA,家乐福,20220207,1031114584,12124154316,12456436,1093,雀巢脆脆鲨鲨明治芝士味小粒装威化饼干77g,Confec.,7,1031114584YK,387.087230,0.004030,68,0.000000,-0.000010,2022/02/09,6.4034,5.666667,,,,,," ",,
01 NKA,家乐福,20220207,1031114584,12104383411,12457070,1093,雀巢脆脆鲨玛奇朵咖啡味威化代可可脂巧克力123g,Confec.,4,1031114584YK,747.883776,-0.260224,230,0.000000,0.000348,2022/02/09,10.8254,9.583333,,,,,," ",,
01 NKA,家乐福,20220207,1031114584,12265406333,12477306,1093,雀巢脆脆鲨蜜瓜味威化代可可脂巧克力123g,Confec.,4,1031114584YK,748.139394,-0.004606,230,0.000000,0.000006,2022/02/09,10.8291,9.583333,,,,,," ",,
01 NKA,家乐福,20220207,1031114588,10137148488,12356311,1093,嘉宝有机香蕉苹果营养米粉225g,Nutrition,1,1031114588YK,483.040800,-13.011200,610,0.000000,0.026230,2022/02/09,55.9350,50.833333,,,,,,价格差异,不符合价差检查标准,
01 NKA,家乐福,20220207,1031114588,102878790,,1093,雀巢能恩1配方奶粉袋装400克,,1,1031114588YK,,,,,,2022/02/09,83.6200,,,,,,,产品编码有误,客户网站产品编码无法通过信息表mapping出雀巢产品,
01 NKA,家乐福,20220207,1031114306,12124154316,12456436,1098,雀巢脆脆鲨鲨明治芝士味小粒装威化饼干77g,Confec.,1,1031114306YK,55.298176,0.000576,68,0.000000,-0.000010,2022/02/09,6.4034,5.666667,,,,,," ",,
01 NKA,家乐福,20220207,1031114306,12124154262,12457562,1098,雀巢脆脆鲨鲨明治巧克力味威化饼干小粒装77g,Confec.,1,1031114306YK,55.298176,0.000576,68,0.000000,-0.000010,2022/02/09,6.4034,5.666667,,,,,," ",,
01 NKA,家乐福,20220207,1031114306,12341876201,,1098,雀巢脆脆鲨混合口味大礼包374g,,2,1031114306YK,,,,,,2022/02/09,30.1339,,,,,,,产品编码有误,客户网站产品编码无法通过信息表mapping出雀巢产品,
01 NKA,家乐福,20220207,1031114306,12310079916,12497729,1098,雀巢脆脆鲨刻能花生味威化代可可脂巧克力80g,Confec.,1,1031114306YK,114.953952,-6.212848,149,0.000000,0.051275,2022/02/09,6.6557,6.208333,,,,,,价格差异,不符合价差检查标准,
01 NKA,家乐福,20220207,1031114306,12104383426,12451132,1098,雀巢(Nestle)趣满果零食 缤纷杂果 果汁儿童糖果软糖 分享装120g,Confec.,1,1031114306YK,213.123456,0.065056,262,0.000000,-0.000305,2022/02/09,12.3396,10.916667,,,,,," ",,
01 NKA,家乐福,20220207,1031114306,171090014,,1098,雀巢脆脆巧倾芯浓情巧克力味180g,,1,1031114306YK,,,,,,2022/02/09,12.1829,,,,,,,产品编码有误,客户网站产品编码无法通过信息表mapping出雀巢产品,
01 NKA,家乐福,20220207,1031114306,12278689676,12484743,1098,雀巢脆脆鲨鲨可棒巧克力味注心饼干60g,Confec.,3,1031114306YK,268.352546,-0.003454,110,0.000000,0.000013,2022/02/09,5.1791,4.583333,,,,,," ",,
01 NKA,家乐福,20220207,1031114306,12310080005,12497731,1098,雀巢脆脆鲨刻能榛果味威化代可可脂巧克力80g,Confec.,4,1031114306YK,459.815808,-24.851392,149,0.000000,0.051275,2022/02/09,6.6557,6.208333,,,,,,价格差异,不符合价差检查标准,
01 NKA,家乐福,20220207,1031114306,12265406332,12477307,1098,雀巢脆脆鲨葡萄味威化代可可脂巧克力123g,Confec.,4,1031114306YK,748.139394,-0.004606,230,0.000000,0.000006,2022/02/09,10.8291,9.583333,,,,,," ",,
01 NKA,家乐福,20220207,1031114586,12333821114,,1093,ONE三文鱼配方成年期全价猫粮12x400g,,1,1031114586YKNPP,,,,,,2022/02/09,17.5272,,,,,,,产品编码有误,客户网站产品编码无法通过信息表mapping出雀巢产品,
01 NKA,家乐福,20220207,1031114307,12274250354,12501695,1098,雀巢咖啡特调果萃系列香柚莫奇托风味即溶咖啡饮品@10(5x15g)CN,Coffee,1,1031114307YK,56.924000,0.000000,70,0.000000,0.000000,2022/02/09,7.9100,7,,,,,," ",,
01 NKA,家乐福,20220207,1031114307,12274250358,12479092,1098,雀巢咖啡特调果萃系列热情百香果风味即溶咖啡饮品@10(5x15g)CN,Coffee,1,1031114307YK,56.924000,0.000000,70,0.000000,0.000000,2022/02/09,7.9100,7,,,,,," ",,
01 NKA,家乐福,20220207,1031114307,10557881569,12342813,1098,雀巢NIDO全脂高钙奶粉立袋装900g,Dairy,1,1031114307YK,659.504624,-0.000576,811,0.000000,0.000001,2022/02/09,76.3691,67.583333,,,,,," ",,
01 NKA,家乐福,20220207,1031114307,12232655224,12462258,1098,雀巢金牌手冲大师富士·雅酌研磨咖啡63g,Coffee,1,1031114307YK,315.521024,-0.000576,388,0.000000,0.000002,2022/02/09,36.5366,32.333333,,,,,," ",,
01 NKA,家乐福,20220207,1031114307,124232772,12483915,1098,雀巢(Nestle)怡养健心中老年奶粉400g,Dairy,1,1031114307YK,434.248800,0.000000,534,0.000000,0.000000,2022/02/09,50.2850,44.5,,,,,," ",,
01 NKA,家乐福,20220207,1031114307,103635916,12498475,1098,雀巢（Nestle）醇品 速溶 黑咖啡 无蔗糖 冲调饮料 瓶装 50g,Coffee,1,1031114307YK,160.606856,-0.406744,198,0.000000,0.002526,2022/02/09,18.5979,16.5,,,,,," ",,
01 NKA,家乐福,20220207,1031114307,124227011,12326608,1098,雀巢GOLDL丝滑拿铁条装即溶咖啡饮品12x20g,Coffee,1,1031114307YK,232.503811,-12.269389,301,0.000000,0.050126,2022/02/09,26.9234,25.083333,,,,,,价格差异,不符合价差检查标准,
01 NKA,家乐福,20220207,1031114307,12174531188,12456722,1098,雀巢(Nestle) 学生奶粉 6-15岁爱思培 青少年 益护因子 益生菌 盒装350g,Dairy,1,1031114307YK,374.885776,0.000576,461,0.000000,-0.000002,2022/02/09,43.4109,38.416667,,,,,," ",,
01 NKA,家乐福,20220207,1031114307,104431706,12498467,1098,雀巢咖啡 醇品 速溶咖啡 36g/盒(1.8gx20包),Coffee,3,1031114307YK,1375.934400,0.000000,564,0.000000,0.000000,2022/02/09,13.2775,11.75,,,,,," ",,
01 NKA,家乐福,20220207,1031114307,12333409371,12505197,1098,雀巢咖啡绝对深黑拿铁即溶咖啡饮品126g,Coffee,1,1031114307YK,151.255200,0.000000,186,0.000000,0.000000,2022/02/09,14.0120,12.4,,,,,," ",,
01 NKA,家乐福,20220207,1031114307,11738016366,12442059,1098,星巴克中度烘焙精品速溶咖啡23克（内含10条）,Coffee,2,1031114307YK,414.797056,0.065056,255,0.000000,-0.000157,2022/02/09,36.0244,31.875,,,,,," ",,
01 NKA,家乐福,20220207,1031114307,193290837,12293902,1098,雀巢优麦紫薯香芋牛奶燕麦片 350g,Dairy,1,1031114307YK,269.169488,0.000288,331,0.000000,-0.000001,2022/02/09,23.3769,20.6875,,,,,," ",,
01 NKA,家乐福,20220207,1031114307,11738016413,12441219,1098,星巴克深度烘焙精品速溶咖啡23克（内含10条）,Coffee,2,1031114307YK,414.797056,0.065056,255,0.000000,-0.000157,2022/02/09,36.0244,31.875,,,,,," ",,
01 NKA,家乐福,20220207,1031114307,124235753,12417587,1098,雀巢优麦 3合1即食牛奶燕麦片400g(10袋x40g),Dairy,1,1031114307YK,321.376640,52.207440,331,0.000000,-0.193958,2022/02/09,27.9110,20.6875,,,,,,价格差异,不符合价差检查标准,
01 NKA,家乐福,20220207,1031114307,11663158711,12245095,1098,雀巢玉米片150g,CPW,1,1031114307YK,141.074080,-13.433920,190,0.000000,0.086946,2022/02/09,10.8907,10.555556,,,,,,价格差异,不符合价差检查标准,
01 NKA,家乐福,20220207,1031114307,12274147641,12501697,1098,雀巢咖啡特调果萃系列沁风桃桃风味即溶咖啡饮品@10(5x15g)CN,Coffee,2,1031114307YK,113.848000,0.000000,70,0.000000,0.000000,2022/02/09,7.9100,7,,,,,," ",,
01 NKA,家乐福,20220207,1031114307,12274250339,12501705,1098,雀巢咖啡特调果萃系列草莓雪酪风味即溶咖啡饮品@10(5x19g)CN,Coffee,2,1031114307YK,113.848000,0.000000,70,0.000000,0.000000,2022/02/09,7.9100,7,,,,,," ",,
01 NKA,家乐福,20220207,1031114307,12274250339,12478233,1098,雀巢咖啡特调果萃系列草莓雪酪风味即溶咖啡饮品@10(5x19g)CN,Coffee,2,1031114307YK,113.848000,0.000000,70,0.000000,0.000000,2022/02/09,7.9100,7,,,,,," ",,
01 NKA,家乐福,20220207,1031114307,12333409148,,1098,雀巢咖啡绝对深黑95%深烘速溶咖啡54g,,1,1031114307YK,,,,,,2022/02/09,31.9225,,,,,,,产品编码有误,客户网站产品编码无法通过信息表mapping出雀巢产品,
01 NKA,家乐福,20220207,1031114307,12316195422,12495109,1098,雀巢金牌香草风味玛奇朵条装即溶咖啡饮品95g,Coffee,2,1031114307YK,196.794400,0.000000,121,0.000000,0.000000,2022/02/09,13.6730,12.1,,,,,," ",,
01 NKA,家乐福,20220207,1031114307,12282378529,12467155,1098,雀巢鹰唛奶酱太妃味100g,Dairy,1,1031114307YK,162.640576,0.000576,200,0.000000,-0.000004,2022/02/09,9.4167,8.333333,,,,,," ",,
01 NKA,家乐福,20220207,1031114307,12207432889,,1098,雀巢咖啡金牌手冲大师研磨礼盒,,4,1031114307YK,,,,,,2022/02/09,129.0121,,,,,,,产品编码有误,客户网站产品编码无法通过信息表mapping出雀巢产品,
01 NKA,家乐福,20220207,1031114307,12312533118,12342368,1098,雀巢金牌甄选浓郁速溶咖啡80g,Coffee,1,1031114307YK,615.038273,-60.730927,831,0.000000,0.089869,2022/02/09,35.6100,34.625,,,,,,价格差异,不符合价差检查标准,
01 NKA,家乐福,20220207,1031114307,10557275819,12338778,1098,雀巢NIDO脱脂高钙奶粉袋装400g,Dairy,1,1031114307YK,675.770064,0.000864,831,0.000000,-0.000001,2022/02/09,39.1263,34.625,,,,,," ",,
01 NKA,家乐福,20220207,1031114307,124078668,12326603,1098,雀巢臻享白咖啡348g(12条*29g),Coffee,2,1031114307YK,465.007622,-24.538778,301,0.000000,0.050126,2022/02/09,26.9234,25.083333,,,,,,价格差异,不符合价差检查标准,
01 NKA,家乐福,20220207,1031114307,11631130977,12430466,1098,雀巢（Nestle）金牌挂耳咖啡 手冲大师 深度烘焙 45g,Coffee,2,1031114307YK,292.752000,0.000000,180,0.000000,0.000000,2022/02/09,16.9500,15,,,,,," ",,
01 NKA,家乐福,20220207,1031114307,11663157360,12376638,1098,雀巢NIDO有机全脂奶粉900g,Dairy,2,1031114307YK,2771.385600,0.000000,1704,0.000000,0.000000,2022/02/09,160.4600,142,,,,,," ",,
01 NKA,家乐福,20220207,1031114307,12317000385,12495107,1098,雀巢金牌厚乳风味拿铁条装即溶咖啡饮品95g,Coffee,3,1031114307YK,295.191600,0.000000,121,0.000000,0.000000,2022/02/09,13.6730,12.1,,,,,," ",,
01 NKA,家乐福,20220207,1031114307,11503110098,12495911,1098,雀巢蜂蜜脆谷乐营养谷物食品300g,CPW,4,1031114307YK,764.408000,0.000000,235,0.000000,0.000000,2022/02/09,26.5550,23.5,,,,,," ",,
01 NKA,家乐福,20220207,1031114307,124235278,9122238,1098,雀巢 鹰麦炼奶巧克力味 185g,Dairy,2,1031114307YK,377.327103,0.002303,232,0.000000,-0.000006,2022/02/09,10.9234,9.666667,,,,,," ",,
01 NKA,家乐福,20220207,1031114307,11663157236,,1098,雀巢咖啡醇品+咖啡伴侣大礼盒200g+400g,,9,1031114307YK,,,,,,2022/02/09,110.2126,,,,,,,产品编码有误,客户网站产品编码无法通过信息表mapping出雀巢产品,
01 NKA,家乐福,20220207,1031114307,11724419143,12431506,1098,雀巢营养早餐谷物食品迷你装27g*4,CPW,3,1031114307YK,597.702000,-24.396000,255,0.000000,0.039216,2022/02/09,13.8425,12.75,,,,,,价格差异,不符合价差检查标准,
01 NKA,家乐福,20220207,1031114307,12333409373,12502717,1098,雀巢咖啡绝对深黑95%深烘速溶咖啡14.4g,Coffee,4,1031114307YK,414.732000,1.626400,127,0.000000,-0.003937,2022/02/09,9.6050,8.466667,,,,,," ",,
01 NKA,家乐福,20220207,1031114307,12282378505,12467135,1098,雀巢鹰唛炼奶芝士味100g,Dairy,3,1031114307YK,487.921727,0.001727,200,0.000000,-0.000004,2022/02/09,9.4167,8.333333,,,,,," ",,
01 NKA,家乐福,20220207,1031114308,12333821114,,1098,ONE三文鱼配方成年期全价猫粮12x400g,,1,1031114308YKNPP,,,,,,2022/02/09,17.5272,,,,,,,产品编码有误,客户网站产品编码无法通过信息表mapping出雀巢产品,
01 NKA,家乐福,20220207,1031114585,12274250358,12479092,1093,雀巢咖啡特调果萃系列热情百香果风味即溶咖啡饮品@10(5x15g)CN,Coffee,1,1031114585YK,54.647040,-2.276960,70,0.000000,0.040000,2022/02/09,7.5936,7,,,,,,价格差异,不符合价差检查标准,
01 NKA,家乐福,20220207,1031114585,124222834,12368771,1093,雀巢咖啡 睿雅摩卡105g(5条*21g),Coffee,1,1031114585YK,98.397200,0.000000,121,0.000000,0.000000,2022/02/09,13.6730,12.1,,,,,," ",,
01 NKA,家乐福,20220207,1031114585,12333409148,,1093,雀巢咖啡绝对深黑95%深烘速溶咖啡54g,,5,1031114585YK,,,,,,2022/02/09,31.9225,,,,,,,产品编码有误,客户网站产品编码无法通过信息表mapping出雀巢产品,
01 NKA,家乐福,20220207,1031114585,12232655224,12462258,1093,雀巢金牌手冲大师富士·雅酌研磨咖啡63g,Coffee,1,1031114585YK,315.521024,-0.000576,388,0.000000,0.000002,2022/02/09,36.5366,32.333333,,,,,," ",,
01 NKA,家乐福,20220207,1031114585,11829185855,12443626,1093,星巴克Origami 佛罗娜便携式滴滤咖啡（研磨咖啡）45克（内含5包）（深度烘培）,Coffee,2,1031114585YK,344.796224,-0.000576,212,0.000000,0.000002,2022/02/09,39.9266,35.333333,,,,,," ",,
01 NKA,家乐福,20220207,1031114585,12232646300,12462259,1093,雀巢金牌手冲大师北寻·浅光研磨咖啡63g,Coffee,1,1031114585YK,315.521024,-0.000576,388,0.000000,0.000002,2022/02/09,36.5366,32.333333,,,,,," ",,
01 NKA,家乐福,20220207,1031114585,124078668,12326603,1093,雀巢臻享白咖啡348g(12条*29g),Coffee,11,1031114585YK,2692.498867,-0.006333,301,0.000000,0.000002,2022/02/09,28.3441,25.083333,,,,,," ",,
01 NKA,家乐福,20220207,1031114585,12333409373,,1093,雀巢咖啡绝对深黑95%深烘速溶咖啡14.4g,,10,1031114585YK,,,,,,2022/02/09,9.6050,,,,,,,产品编码有误,客户网站产品编码无法通过信息表mapping出雀巢产品,
01 NKA,家乐福,20220207,1031114585,124233700,12479429,1093,雀巢 健心中老年奶粉金装2合1配方 800g/罐,Dairy,3,1031114585YK,1768.661208,-0.048792,725,0.000000,0.000028,2022/02/09,136.5379,120.833333,,,,,," ",,
01 NKA,家乐福,20220207,1031114585,104431706,12498467,1093,雀巢咖啡 醇品 速溶咖啡 36g/盒(1.8gx20包),Coffee,4,1031114585YK,1834.579200,0.000000,564,0.000000,0.000000,2022/02/09,13.2775,11.75,,,,,," ",,
01 NKA,家乐福,20220207,1031114585,12274250354,12501695,1093,雀巢咖啡特调果萃系列香柚莫奇托风味即溶咖啡饮品@10(5x15g)CN,Coffee,2,1031114585YK,109.294080,-4.553920,70,0.000000,0.040000,2022/02/09,7.5936,7,,,,,,价格差异,不符合价差检查标准,
01 NKA,家乐福,20220207,1031114585,12349962099,,1093,星巴克家享咖啡新春礼盒217g,,35,1031114585YK,,,,,,2022/02/09,147.8266,,,,,,,产品编码有误,客户网站产品编码无法通过信息表mapping出雀巢产品,
01 NKA,家乐福,20220207,1031114585,793465932,12322429,1093,雀巢 鹰麦炼奶低脂185g,Dairy,1,1031114585YK,179.359392,-9.303008,232,0.000000,0.049310,2022/02/09,10.3847,9.666667,,,,,,价格差异,不符合价差检查标准,
01 NKA,家乐福,20220207,1031114585,12174291489,12461587,1093,雀巢（Nestle）怡跃 成人奶粉 女士高蛋白 高钙高铁 安骼脱脂奶粉 350g,Dairy,2,1031114585YK,731.880000,0.000000,450,0.000000,0.000000,2022/02/09,42.3750,37.5,,,,,," ",,
01 NKA,家乐福,20220207,1031114585,12282378529,12467155,1093,雀巢鹰唛奶酱太妃味100g,Dairy,1,1031114585YK,162.640576,0.000576,200,0.000000,-0.000004,2022/02/09,9.4167,8.333333,,,,,," ",,
01 NKA,家乐福,20220207,1031114585,11824844499,12443652,1093,星巴克Origami 特选综合便携式滴滤咖啡（研磨咖啡）45克（内含5包）,Coffee,4,1031114585YK,689.592449,-0.001151,212,0.000000,0.000002,2022/02/09,39.9266,35.333333,,,,,," ",,
01 NKA,家乐福,20220207,1031114585,12333409380,,1093,雀巢咖啡绝对深黑拿铁即溶咖啡饮品360g,,1,1031114585YK,,,,,,2022/02/09,31.9225,,,,,,,产品编码有误,客户网站产品编码无法通过信息表mapping出雀巢产品,
01 NKA,家乐福,20220207,1031114585,146225709,9123040,1093,雀巢 鹰麦炼奶草莓味 185g,Dairy,1,1031114585YK,179.359392,-9.303008,232,0.000000,0.049310,2022/02/09,10.3847,9.666667,,,,,,价格差异,不符合价差检查标准,
01 NKA,家乐福,20220207,1031114585,124235278,9122238,1093,雀巢 鹰麦炼奶巧克力味 185g,Dairy,1,1031114585YK,179.359392,-9.303008,232,0.000000,0.049310,2022/02/09,10.3847,9.666667,,,,,,价格差异,不符合价差检查标准,
01 NKA,家乐福,20220207,1031114585,135000912,12326620,1093,雀巢咖啡 馆藏系列 臻享白咖啡580g(20条x29g),Coffee,17,1031114585YK,8087.269106,-0.004894,585,0.000000,0.000001,2022/02/09,41.3156,36.5625,,,,,," ",,
01 NKA,家乐福,20220207,1031114585,12333409371,,1093,雀巢咖啡绝对深黑拿铁即溶咖啡饮品126g,,2,1031114585YK,,,,,,2022/02/09,14.0120,,,,,,,产品编码有误,客户网站产品编码无法通过信息表mapping出雀巢产品,
01 NKA,家乐福,20220207,1031114585,11738016366,12442059,1093,星巴克中度烘焙精品速溶咖啡23克（内含10条）,Coffee,4,1031114585YK,829.138144,-0.325856,255,0.000000,0.000393,2022/02/09,36.0046,31.875,,,,,," ",,
01 NKA,家乐福,20220207,1031114585,11738016413,12441219,1093,星巴克深度烘焙精品速溶咖啡23克（内含10条）,Coffee,4,1031114585YK,829.138144,-0.325856,255,0.000000,0.000393,2022/02/09,36.0046,31.875,,,,,," ",,
01 NKA,家乐福,20220207,1031114585,12316196118,12498226,1093,雀巢爱思培学生力跃奶粉350g,Dairy,3,1031114585YK,1124.753184,0.097584,461,0.000000,-0.000087,2022/02/09,43.4146,38.416667,,,,,," ",,
01 NKA,家乐福,20220207,1031114585,638040008,12409362,1093,雀巢怡跃高纤高钙高铁脱脂奶400g/袋,Dairy,3,1031114585YK,1244.196000,0.000000,510,0.000000,0.000000,2022/02/09,48.0250,42.5,,,,,," ",,
01 NKA,家乐福,20220207,1031114585,12274147641,12501697,1093,雀巢咖啡特调果萃系列沁风桃桃风味即溶咖啡饮品@10(5x15g)CN,Coffee,4,1031114585YK,218.588160,-9.107840,70,0.000000,0.040000,2022/02/09,7.5936,7,,,,,,价格差异,不符合价差检查标准,
01 NKA,家乐福,20220207,1031114585,134997033,12480459,1093,雀巢咖啡1+2无蔗糖添加双豆拼配条装即溶咖啡77g(新口味7条x11g),Coffee,3,1031114585YK,304.947841,-0.002159,125,0.000000,0.000007,2022/02/09,9.4166,8.333333,,,,,," ",,
01 NKA,家乐福,20220207,1031114585,10733404801,12453381,1093,雀巢金牌咖啡至雅柔和100g,Coffee,4,1031114585YK,2381.830272,-152.100928,779,0.000000,0.060026,2022/02/09,68.9526,64.916667,,,,,,价格差异,不符合价差检查标准,
01 NKA,家乐福,20220207,1031114585,11631131058,12430465,1093,雀巢（Nestle) 金牌挂耳咖啡 手冲大师 中度烘焙 45g,Coffee,4,1031114585YK,585.504000,0.000000,180,0.000000,0.000000,2022/02/09,16.9500,15,,,,,," ",,
01 NKA,家乐福,20220207,1031114585,10557881569,12342813,1093,雀巢NIDO全脂高钙奶粉立袋装900g,Dairy,4,1031114585YK,2638.018497,-0.002303,811,0.000000,0.000001,2022/02/09,76.3691,67.583333,,,,,," ",,
01 NKA,家乐福,20220207,1031114585,144750704,12453258,1093,雀巢 金牌GOLD 瑞士 进口速溶咖啡100g/瓶,Coffee,4,1031114585YK,2381.830272,-152.100928,779,0.000000,0.060026,2022/02/09,68.9526,64.916667,,,,,,价格差异,不符合价差检查标准,
01 NKA,家乐福,20220207,1031114585,144750705,12453277,1093,雀巢(NESTLE)金 牌GOLD 瑞士原装进口 进口速溶咖啡50g,Coffee,4,1031114585YK,1401.959103,0.002303,431,0.000000,-0.000002,2022/02/09,40.5859,35.916667,,,,,," ",,
01 NKA,家乐福,20220207,1031114585,12199333160,12457551,1093,雀巢鹰嘜炼奶醇香芝士味听装350g,Dairy,1,1031114585YK,469.214961,-0.001439,577,-0.024686,-0.004773,2022/02/09,13.5835,12.020833,,,,,," ",,
01 NKA,家乐福,20220207,1031114585,12350261550,,1093,雀巢咖啡特调果萃即溶咖啡新年礼盒170g,,5,1031114585YK,,,,,,2022/02/09,15.8200,,,,,,,产品编码有误,客户网站产品编码无法通过信息表mapping出雀巢产品,
01 NKA,家乐福,20220207,1031114585,10737651795,12481866,1093,雀巢脱脂高钙奶粉袋装400g,Dairy,5,1031114585YK,1691.458879,0.002879,416,0.000000,-0.000002,2022/02/09,39.1734,34.666667,,,,,," ",,
01 NKA,家乐福,20220207,1031114585,12174531188,12456722,1093,雀巢(Nestle) 学生奶粉 6-15岁爱思培 青少年 益护因子 益生菌 盒装350g,Dairy,5,1031114585YK,1874.428879,0.002879,461,0.000000,-0.000002,2022/02/09,43.4109,38.416667,,,,,," ",,
01 NKA,家乐福,20220207,1031114585,104431708,12495353,1093,雀巢（Nestle）咖啡伴侣瓶装200g,Coffee,5,1031114585YK,744.078000,0.000000,183,0.000000,0.000000,2022/02/09,17.2325,15.25,,,,,," ",,
01 NKA,家乐福,20220207,1031114585,124235753,12417587,1093,雀巢优麦 3合1即食牛奶燕麦片400g(10袋x40g),Dairy,4,1031114585YK,1285.506560,208.829760,331,0.000000,-0.193958,2022/02/09,27.9110,20.6875,,,,,,价格差异,不符合价差检查标准,
01 NKA,家乐福,20220207,1031114585,12317000385,12495107,1093,雀巢金牌厚乳风味拿铁条装即溶咖啡饮品95g,Coffee,7,1031114585YK,688.780400,0.000000,121,0.000000,0.000000,2022/02/09,13.6730,12.1,,,,,," ",,
01 NKA,家乐福,20220207,1031114585,193290839,12417445,1093,雀巢优麦燕麦配方麦片500g,Dairy,7,1031114585YK,1406.022800,199.234000,212,0.000000,-0.165094,2022/02/09,27.9110,21.2,,,,,,价格差异,不符合价差检查标准,
01 NKA,家乐福,20220207,1031114585,12314345846,12495121,1093,雀巢咖啡5杯装 绵醇卡布奇诺口味 95g,Coffee,7,1031114585YK,688.780400,0.000000,121,0.000000,0.000000,2022/02/09,13.6730,12.1,,,,,," ",,
01 NKA,家乐福,20220207,1031114585,12316195422,12495109,1093,雀巢金牌香草风味玛奇朵条装即溶咖啡饮品95g,Coffee,7,1031114585YK,688.780400,0.000000,121,0.000000,0.000000,2022/02/09,13.6730,12.1,,,,,," ",,
01 NKA,家乐福,20220207,1031114585,12232655239,12462280,1093,雀巢金牌手冲大师南意·夏浓研磨咖啡63g,Coffee,6,1031114585YK,1893.126146,-0.003454,388,0.000000,0.000002,2022/02/09,36.5366,32.333333,,,,,," ",,
01 NKA,家乐福,20220207,1031114585,10595719440,12416019,1093,雀巢全脂高钙奶粉375g,Dairy,4,1031114585YK,1610.136000,0.000000,495,0.000000,0.000000,2022/02/09,31.0750,27.5,,,,,," ",,
01 NKA,家乐福,20220207,1031114585,10557275819,12338778,1093,雀巢NIDO脱脂高钙奶粉袋装400g,Dairy,3,1031114585YK,2027.310191,0.002591,831,0.000000,-0.000001,2022/02/09,39.1263,34.625,,,,,," ",,
01 NKA,家乐福,20220207,1031114585,12282378505,12467135,1093,雀巢鹰唛炼奶芝士味100g,Dairy,3,1031114585YK,487.921727,0.001727,200,0.000000,-0.000004,2022/02/09,9.4167,8.333333,,,,,," ",,
01 NKA,家乐福,20220207,1031114585,191291942,12326607,1093,雀巢金牌丝滑拿铁条装即溶咖啡饮品(20x20g),Coffee,5,1031114585YK,2378.608561,-0.001439,585,0.000000,0.000001,2022/02/09,41.3156,36.5625,,,,,," ",,
01 NKA,家乐福,20220207,1031114585,12207432889,,1093,雀巢咖啡金牌手冲大师研磨礼盒,,14,1031114585YK,,,,,,2022/02/09,129.0121,,,,,,,产品编码有误,客户网站产品编码无法通过信息表mapping出雀巢产品,
01 NKA,家乐福,20220207,1031114585,124230659,12409361,1093,雀巢怡跃高钙营养奶粉 400g,Dairy,7,1031114585YK,2202.958800,0.000000,387,0.000000,0.000000,2022/02/09,36.4425,32.25,,,,,," ",,
01 NKA,家乐福,20220207,1031114585,124227011,12326608,1093,雀巢GOLDL丝滑拿铁条装即溶咖啡饮品12x20g,Coffee,7,1031114585YK,1713.408370,-0.004030,301,0.000000,0.000002,2022/02/09,28.3441,25.083333,,,,,," ",,
01 NKA,家乐福,20220207,1031114585,124218397,12368770,1093,雀巢GOLD臻享白咖啡条装即溶咖啡饮品(5x29g),Coffee,9,1031114585YK,885.574800,0.000000,121,0.000000,0.000000,2022/02/09,13.6730,12.1,,,,,," ",,
01 NKA,家乐福,20220207,1031114585,11503110098,12495911,1093,雀巢蜂蜜脆谷乐营养谷物食品300g,CPW,9,1031114585YK,1547.926200,-171.991800,235,0.000000,0.100000,2022/02/09,23.8995,23.5,,,,,,价格差异,不符合价差检查标准,
01 NKA,家乐福,20220207,1031114585,11663158711,12245095,1093,雀巢玉米片150g,CPW,5,1031114585YK,705.370400,-67.169600,190,0.000000,0.086946,2022/02/09,10.8907,10.555556,,,,,,价格差异,不符合价差检查标准,
01 NKA,家乐福,20220207,1031114585,12274250339,12501705,1093,雀巢咖啡特调果萃系列草莓雪酪风味即溶咖啡饮品@10(5x19g)CN,Coffee,9,1031114585YK,491.823360,-20.492640,70,0.000000,0.040000,2022/02/09,7.5936,7,,,,,,价格差异,不符合价差检查标准,
01 NKA,家乐福,20220207,1031114585,12312533118,12342368,1093,雀巢金牌甄选浓郁速溶咖啡80g,Coffee,4,1031114585YK,2703.080254,0.003454,831,0.000000,-0.000001,2022/02/09,39.1263,34.625,,,,,," ",,
01 NKA,家乐福,20220207,1031114585,103635916,12498475,1093,雀巢（Nestle）醇品 速溶 黑咖啡 无蔗糖 冲调饮料 瓶装 50g,Coffee,8,1031114585YK,1284.854849,-3.253951,198,0.000000,0.002526,2022/02/09,18.5979,16.5,,,,,," ",,
01 NKA,家乐福,20220207,1031117169,134552555,12483299,1098,雀巢（Nestle）呈真巧克力味威化代可可脂巧克力272g 休闲饼干,Confec.,10,1031117169CH,1667.054243,-0.005757,205,0.000000,0.000003,2022/02/09,19.3041,17.083333,,,,,," ",,
01 NKA,家乐福,20220207,1031117169,12104383424,12458793,1098,雀巢脆脆鲨鲨刻能榛果味威化代可可脂巧克力(分享装)200g,Confec.,10,1031117169CH,2163.112000,-113.848000,280,0.000000,0.050000,2022/02/09,15.0290,14,,,,,,价格差异,不符合价差检查标准,
01 NKA,家乐福,20220207,1031117169,11563030094,12456821,1098,雀巢(Nestle)脆脆鲨草莓味威化代可可脂巧克力123g,Confec.,10,1031117169CH,1873.612800,3.252800,230,0.000000,-0.001739,2022/02/09,10.8480,9.583333,,,,,," ",,
01 NKA,家乐福,20220207,1031117169,11781971739,12456952,1098,雀巢脆脆鲨白桃味威化代可可脂巧克力123g,Confec.,10,1031117169CH,1870.348486,-0.011514,230,0.000000,0.000006,2022/02/09,10.8291,9.583333,,,,,," ",,
01 NKA,家乐福,20220207,1031117169,12104383411,12457070,1098,雀巢脆脆鲨玛奇朵咖啡味威化代可可脂巧克力123g,Confec.,10,1031117169CH,1869.709440,-0.650560,230,0.000000,0.000348,2022/02/09,10.8254,9.583333,,,,,," ",,
01 NKA,家乐福,20220207,1031117169,12340505361,,1098,雀巢脆脆鲨巧克力口味威化代可可脂巧克力480g,,10,1031117169CH,,,,,,2022/02/09,21.8768,,,,,,,产品编码有误,客户网站产品编码无法通过信息表mapping出雀巢产品,
01 NKA,家乐福,20220207,1031117169,12340506649,,1098,雀巢脆脆鲨牛奶口味威化代可可脂巧克力480g,,10,1031117169CH,,,,,,2022/02/09,21.8768,,,,,,,产品编码有误,客户网站产品编码无法通过信息表mapping出雀巢产品,
01 NKA,家乐福,20220207,1031117169,12104383425,12457080,1098,雀巢脆脆鲨鸳鸯奶茶味威化代可可脂巧克力123g,Confec.,13,1031117169CH,2430.622272,-0.845728,230,0.000000,0.000348,2022/02/09,10.8254,9.583333,,,,,," ",,
01 NKA,家乐福,20220207,1031117169,134151720,12459749,1098,雀巢脆脆鲨巧克力威化20g*4,Confec.,10,1031117169CH,1008.368000,0.000000,124,0.000000,0.000000,2022/02/09,3.5030,3.1,,,,,," ",,
01 NKA,家乐福,20220207,1031117178,103635672,12417419,1098,雀巢优麦 高钙配方麦片600g(20袋x30g),Dairy,10,1031117178CH,2008.604000,284.620000,212,0.000000,-0.165094,2022/02/09,27.9110,21.2,,,,,,价格差异,不符合价差检查标准,
01 NKA,家乐福,20220207,1031117178,10737651795,12481866,1098,雀巢脱脂高钙奶粉袋装400g,Dairy,10,1031117178CH,3382.917757,0.005757,416,0.000000,-0.000002,2022/02/09,39.1734,34.666667,,,,,," ",,
01 NKA,家乐福,20220207,1031117178,124222711,12413057,1098,雀巢咖啡 馆藏系列 卡布奇诺228g,Coffee,10,1031117178CH,2325.038111,-122.693889,301,0.000000,0.050126,2022/02/09,26.9234,25.083333,,,,,,价格差异,不符合价差检查标准,
01 NKA,家乐福,20220207,1031117178,146225709,9123040,1098,雀巢 鹰麦炼奶草莓味 185g,Dairy,10,1031117178CH,1886.635514,0.011514,232,0.000000,-0.000006,2022/02/09,10.9234,9.666667,,,,,," ",,
01 NKA,家乐福,20220207,1031117178,793465932,12322429,1098,雀巢 鹰麦炼奶低脂185g,Dairy,10,1031117178CH,1886.635514,0.011514,232,0.000000,-0.000006,2022/02/09,10.9234,9.666667,,,,,," ",,
01 NKA,家乐福,20220207,1031117178,124089590,12479927,1098,雀巢咖啡1+2奶香双豆拼配条装即溶咖啡 105g(7条x15g),Coffee,21,1031117178CH,2134.634887,-0.015113,125,0.000000,0.000007,2022/02/09,9.4166,8.333333,,,,,," ",,
01 NKA,家乐福,20220207,1031117178,103635356,9122040,1098,雀巢鹰唛炼奶原味185g,Dairy,20,1031117178CH,3773.271029,0.023029,232,0.000000,-0.000006,2022/02/09,10.9234,9.666667,,,,,," ",,
01 NKA,家乐福,20220207,1031117667,12274250354,12501695,1093,雀巢咖啡特调果萃系列香柚莫奇托风味即溶咖啡饮品@10(5x15g)CN,Coffee,1,1031117667YK,54.647040,-2.276960,70,0.000000,0.040000,2022/02/09,7.5936,7,,,,,,价格差异,不符合价差检查标准,
01 NKA,家乐福,20220207,1031117667,124222151,12412960,1093,雀巢咖啡卡布奇诺咖啡(附香浓可可粉)95g,Coffee,1,1031117667YK,98.397200,0.000000,121,0.000000,0.000000,2022/02/09,13.6730,12.1,,,,,," ",,
01 NKA,家乐福,20220207,1031117667,12274250358,12479092,1093,雀巢咖啡特调果萃系列热情百香果风味即溶咖啡饮品@10(5x15g)CN,Coffee,1,1031117667YK,54.647040,-2.276960,70,0.000000,0.040000,2022/02/09,7.5936,7,,,,,,价格差异,不符合价差检查标准,
01 NKA,家乐福,20220207,1031117667,12274147641,12501697,1093,雀巢咖啡特调果萃系列沁风桃桃风味即溶咖啡饮品@10(5x15g)CN,Coffee,1,1031117667YK,54.647040,-2.276960,70,0.000000,0.040000,2022/02/09,7.5936,7,,,,,,价格差异,不符合价差检查标准,
01 NKA,家乐福,20220207,1031117667,124218397,12368770,1093,雀巢GOLD臻享白咖啡条装即溶咖啡饮品(5x29g),Coffee,1,1031117667YK,98.397200,0.000000,121,0.000000,0.000000,2022/02/09,13.6730,12.1,,,,,," ",,
01 NKA,家乐福,20220207,1031117667,11503110098,12495911,1093,雀巢蜂蜜脆谷乐营养谷物食品300g,CPW,1,1031117667YK,171.991800,-19.110200,235,0.000000,0.100000,2022/02/09,23.8995,23.5,,,,,,价格差异,不符合价差检查标准,
01 NKA,家乐福,20220207,1031117667,12274250339,12501705,1093,雀巢咖啡特调果萃系列草莓雪酪风味即溶咖啡饮品@10(5x19g)CN,Coffee,1,1031117667YK,54.647040,-2.276960,70,0.000000,0.040000,2022/02/09,7.5936,7,,,,,,价格差异,不符合价差检查标准,
01 NKA,家乐福,20220207,1031117667,10557881569,12342813,1093,雀巢NIDO全脂高钙奶粉立袋装900g,Dairy,1,1031117667YK,659.504624,-0.000576,811,0.000000,0.000001,2022/02/09,76.3691,67.583333,,,,,," ",,
01 NKA,家乐福,20220207,1031117667,10737651795,12481866,1093,雀巢脱脂高钙奶粉袋装400g,Dairy,1,1031117667YK,338.291776,0.000576,416,0.000000,-0.000002,2022/02/09,39.1734,34.666667,,,,,," ",,
01 NKA,家乐福,20220207,1031117667,638040026,12413019,1093,雀巢学生奶粉（调制乳粉）1000g 中小学生,Dairy,2,1031117667YK,990.477600,0.000000,609,0.000000,0.000000,2022/02/09,114.6950,101.5,,,,,," ",,
01 NKA,家乐福,20220207,1031117667,12174531188,12456722,1093,雀巢(Nestle) 学生奶粉 6-15岁爱思培 青少年 益护因子 益生菌 盒装350g,Dairy,1,1031117667YK,374.885776,0.000576,461,0.000000,-0.000002,2022/02/09,43.4109,38.416667,,,,,," ",,
01 NKA,家乐福,20220207,1031117667,144750705,12453277,1093,雀巢(NESTLE)金 牌GOLD 瑞士原装进口 进口速溶咖啡50g,Coffee,1,1031117667YK,350.489776,0.000576,431,0.000000,-0.000002,2022/02/09,40.5859,35.916667,,,,,," ",,
01 NKA,家乐福,20220207,1031117667,104431708,12495353,1093,雀巢（Nestle）咖啡伴侣瓶装200g,Coffee,1,1031117667YK,148.815600,0.000000,183,0.000000,0.000000,2022/02/09,17.2325,15.25,,,,,," ",,
01 NKA,家乐福,20220207,1031117667,11129878139,12477039,1093,雀巢怡养脑力加油站TM配方奶粉800g,Dairy,2,1031117667YK,1179.107472,-0.032528,725,0.000000,0.000028,2022/02/09,136.5379,120.833333,,,,,," ",,
01 NKA,家乐福,20220207,1031117667,12350261479,,1093,雀巢金牌黑咖啡限量版礼盒240g,,2,1031117667YK,,,,,,2022/02/09,114.7000,,,,,,,产品编码有误,客户网站产品编码无法通过信息表mapping出雀巢产品,
01 NKA,家乐福,20220207,1031117667,12333409371,,1093,雀巢咖啡绝对深黑拿铁即溶咖啡饮品126g,,1,1031117667YK,,,,,,2022/02/09,14.0120,,,,,,,产品编码有误,客户网站产品编码无法通过信息表mapping出雀巢产品,
01 NKA,家乐福,20220207,1031117667,11663158711,12245095,1093,雀巢玉米片150g,CPW,1,1031117667YK,141.074080,-13.433920,190,0.000000,0.086946,2022/02/09,10.8907,10.555556,,,,,,价格差异,不符合价差检查标准,
01 NKA,家乐福,20220207,1031117667,124233700,12479429,1093,雀巢 健心中老年奶粉金装2合1配方 800g/罐,Dairy,3,1031117667YK,1768.661208,-0.048792,725,0.000000,0.000028,2022/02/09,136.5379,120.833333,,,,,," ",,
01 NKA,家乐福,20220207,1031117667,638040027,12408055,1093,雀巢全脂高钙奶粉（调制乳粉）900g/罐,Dairy,3,1031117667YK,1305.186864,0.000864,535,0.000000,-0.000001,2022/02/09,100.7584,89.166667,,,,,," ",,
01 NKA,家乐福,20220207,1031117667,103724689,12368832,1093,雀巢咖啡 馆藏系列 丝滑拿铁100g(5条x20g),Coffee,2,1031117667YK,196.794400,0.000000,121,0.000000,0.000000,2022/02/09,13.6730,12.1,,,,,," ",,
01 NKA,家乐福,20220207,1031117667,11738016178,12470662,1093,星巴克拿铁精品即溶咖啡饮品56克（内含4条）,Coffee,2,1031117667YK,403.021920,-0.325280,248,0.000000,0.000806,2022/02/09,28.0014,24.8,,,,,," ",,
01 NKA,家乐福,20220207,1031117667,12333409148,,1093,雀巢咖啡绝对深黑95%深烘速溶咖啡54g,,1,1031117667YK,,,,,,2022/02/09,31.9225,,,,,,,产品编码有误,客户网站产品编码无法通过信息表mapping出雀巢产品,
01 NKA,家乐福,20220207,1031117667,11738016046,12470632,1093,星巴克焦糖风味拿铁精品即溶咖啡饮品86克（内含4条）,Coffee,2,1031117667YK,403.021920,-0.325280,248,0.000000,0.000806,2022/02/09,28.0014,24.8,,,,,," ",,
01 NKA,家乐福,20220207,1031117667,12314345846,12495121,1093,雀巢咖啡5杯装 绵醇卡布奇诺口味 95g,Coffee,2,1031117667YK,196.794400,0.000000,121,0.000000,0.000000,2022/02/09,13.6730,12.1,,,,,," ",,
01 NKA,家乐福,20220207,1031117667,10733404801,12453381,1093,雀巢金牌咖啡至雅柔和100g,Coffee,2,1031117667YK,1190.915136,-76.050464,779,0.000000,0.060026,2022/02/09,68.9526,64.916667,,,,,,价格差异,不符合价差检查标准,
01 NKA,家乐福,20220207,1031117667,144750704,12453258,1093,雀巢 金牌GOLD 瑞士 进口速溶咖啡100g/瓶,Coffee,2,1031117667YK,1190.915136,-76.050464,779,0.000000,0.060026,2022/02/09,68.9526,64.916667,,,,,,价格差异,不符合价差检查标准,
01 NKA,家乐福,20220207,1031117667,638040008,12409362,1093,雀巢怡跃高纤高钙高铁脱脂奶400g/袋,Dairy,2,1031117667YK,829.464000,0.000000,510,0.000000,0.000000,2022/02/09,48.0250,42.5,,,,,," ",,
01 NKA,家乐福,20220207,1031117667,124230659,12409361,1093,雀巢怡跃高钙营养奶粉 400g,Dairy,2,1031117667YK,629.416800,0.000000,387,0.000000,0.000000,2022/02/09,36.4425,32.25,,,,,," ",,
01 NKA,家乐福,20220207,1031117667,11829185855,12443626,1093,星巴克Origami 佛罗娜便携式滴滤咖啡（研磨咖啡）45克（内含5包）（深度烘培）,Coffee,4,1031117667YK,689.592449,-0.001151,212,0.000000,0.000002,2022/02/09,39.9266,35.333333,,,,,," ",,
01 NKA,家乐福,20220207,1031117667,11824844499,12443652,1093,星巴克Origami 特选综合便携式滴滤咖啡（研磨咖啡）45克（内含5包）,Coffee,4,1031117667YK,689.592449,-0.001151,212,0.000000,0.000002,2022/02/09,39.9266,35.333333,,,,,," ",,
01 NKA,家乐福,20220207,1031117667,134997033,12480459,1093,雀巢咖啡1+2无蔗糖添加双豆拼配条装即溶咖啡77g(新口味7条x11g),Coffee,2,1031117667YK,203.298561,-0.001439,125,0.000000,0.000007,2022/02/09,9.4166,8.333333,,,,,," ",,
01 NKA,家乐福,20220207,1031117667,12333409373,,1093,雀巢咖啡绝对深黑95%深烘速溶咖啡14.4g,,2,1031117667YK,,,,,,2022/02/09,9.6050,,,,,,,产品编码有误,客户网站产品编码无法通过信息表mapping出雀巢产品,
01 NKA,家乐福,20220207,1031117667,193290839,12417445,1093,雀巢优麦燕麦配方麦片500g,Dairy,3,1031117667YK,602.581200,85.386000,212,0.000000,-0.165094,2022/02/09,27.9110,21.2,,,,,,价格差异,不符合价差检查标准,
01 NKA,家乐福,20220207,1031117667,11738016413,12441219,1093,星巴克深度烘焙精品速溶咖啡23克（内含10条）,Coffee,4,1031117667YK,829.138144,-0.325856,255,0.000000,0.000393,2022/02/09,36.0046,31.875,,,,,," ",,
01 NKA,家乐福,20220207,1031117667,11738016366,12442059,1093,星巴克中度烘焙精品速溶咖啡23克（内含10条）,Coffee,4,1031117667YK,829.138144,-0.325856,255,0.000000,0.000393,2022/02/09,36.0046,31.875,,,,,," ",,
01 NKA,家乐福,20220207,1031117667,10595719440,12416019,1093,雀巢全脂高钙奶粉375g,Dairy,2,1031117667YK,805.068000,0.000000,495,0.000000,0.000000,2022/02/09,31.0750,27.5,,,,,," ",,
01 NKA,家乐福,20220207,1031117667,793465932,12322429,1093,雀巢 鹰麦炼奶低脂185g,Dairy,2,1031117667YK,358.718784,-18.606016,232,0.000000,0.049310,2022/02/09,10.3847,9.666667,,,,,,价格差异,不符合价差检查标准,
01 NKA,家乐福,20220207,1031117667,135000912,12326620,1093,雀巢咖啡 馆藏系列 臻享白咖啡580g(20条x29g),Coffee,3,1031117667YK,1427.165136,-0.000864,585,0.000000,0.000001,2022/02/09,41.3156,36.5625,,,,,," ",,
01 NKA,家乐福,20220207,1031117667,191291942,12326607,1093,雀巢金牌丝滑拿铁条装即溶咖啡饮品(20x20g),Coffee,3,1031117667YK,1427.165136,-0.000864,585,0.000000,0.000001,2022/02/09,41.3156,36.5625,,,,,," ",,
01 NKA,家乐福,20220207,1031117667,103635916,12498475,1093,雀巢（Nestle）醇品 速溶 黑咖啡 无蔗糖 冲调饮料 瓶装 50g,Coffee,4,1031117667YK,642.427424,-1.626976,198,0.000000,0.002526,2022/02/09,18.5979,16.5,,,,,," ",,
01 NKA,家乐福,20220207,1031117667,124235278,9122238,1093,雀巢 鹰麦炼奶巧克力味 185g,Dairy,3,1031117667YK,538.078176,-27.909024,232,0.000000,0.049310,2022/02/09,10.3847,9.666667,,,,,,价格差异,不符合价差检查标准,
01 NKA,家乐福,20220207,1031117666,12124154262,12457562,1093,雀巢脆脆鲨鲨明治巧克力味威化饼干小粒装77g,Confec.,1,1031117666YK,55.298176,0.000576,68,0.000000,-0.000010,2022/02/09,6.4034,5.666667,,,,,," ",,
01 NKA,家乐福,20220207,1031117666,12310382625,12498720,1093,雀巢脆脆鲨巧克力口味威化代可可脂巧克力分享桶330g,Confec.,12,1031117666YK,1722.552768,-53.476032,182,0.000000,0.030110,2022/02/09,16.6223,15.166667,,,,,,价格差异,不符合价差检查标准,
01 NKA,家乐福,20220207,1031117666,134151720,12459749,1093,雀巢脆脆鲨巧克力威化20g*4,Confec.,4,1031117666YK,403.347200,0.000000,124,0.000000,0.000000,2022/02/09,3.5030,3.1,,,,,," ",,
01 NKA,家乐福,20220207,1031117666,12104383424,12458793,1093,雀巢脆脆鲨鲨刻能榛果味威化代可可脂巧克力(分享装)200g,Confec.,8,1031117666YK,1821.568000,0.000000,280,0.000000,0.000000,2022/02/09,15.8200,14,,,,,," ",,
01 NKA,家乐福,20220207,1031117666,134553097,12483188,1093,雀巢脆脆鲨抹茶威化16条装16x17g,Confec.,2,1031117666YK,333.410849,-0.001151,205,0.000000,0.000003,2022/02/09,19.3041,17.083333,,,,,," ",,
01 NKA,家乐福,20220207,1031117666,11781971739,12456952,1093,雀巢脆脆鲨白桃味威化代可可脂巧克力123g,Confec.,1,1031117666YK,187.034849,-0.001151,230,0.000000,0.000006,2022/02/09,10.8291,9.583333,,,,,," ",,
01 NKA,家乐福,20220207,1031117666,12310080005,12497731,1093,雀巢脆脆鲨刻能榛果味威化代可可脂巧克力80g,Confec.,1,1031117666YK,121.004160,-0.162640,149,0.000000,0.001342,2022/02/09,7.0060,6.208333,,,,,," ",,
01 NKA,家乐福,20220207,1031117666,12104383415,12458748,1093,雀巢脆脆鲨鲨刻能花生味威化代可可脂巧克力(分享装)200g,Confec.,2,1031117666YK,455.392000,0.000000,280,0.000000,0.000000,2022/02/09,15.8200,14,,,,,," ",,
01 NKA,家乐福,20220207,1031117666,12278688346,12484735,1093,雀巢脆脆鲨鲨可棒芝士味注心饼干60g,Confec.,2,1031117666YK,178.901697,-0.002303,110,0.000000,0.000013,2022/02/09,5.1791,4.583333,,,,,," ",,
01 NKA,家乐福,20220207,1031117666,12265390619,12477311,1093,雀巢脆脆鲨鲨明治牛奶味威化饼干小粒装77g,Confec.,4,1031117666YK,221.192703,0.002303,68,0.000000,-0.000010,2022/02/09,6.4034,5.666667,,,,,," ",,
01 NKA,家乐福,20220207,1031117666,12278689676,12484743,1093,雀巢脆脆鲨鲨可棒巧克力味注心饼干60g,Confec.,3,1031117666YK,268.352546,-0.003454,110,0.000000,0.000013,2022/02/09,5.1791,4.583333,,,,,," ",,
01 NKA,家乐福,20220207,1031117666,12340505361,,1093,雀巢脆脆鲨巧克力口味威化代可可脂巧克力480g,,3,1031117666YK,,,,,,2022/02/09,23.2780,,,,,,,产品编码有误,客户网站产品编码无法通过信息表mapping出雀巢产品,
01 NKA,家乐福,20220207,1031117666,12124154316,12456436,1093,雀巢脆脆鲨鲨明治芝士味小粒装威化饼干77g,Confec.,6,1031117666YK,331.789054,0.003454,68,0.000000,-0.000010,2022/02/09,6.4034,5.666667,,,,,," ",,
01 NKA,家乐福,20220207,1031117666,12197789446,12469564,1093,雀巢脆脆鲨鲨刻能混合口味新年礼盒威化代可可脂巧克力,Confec.,1,1031117666YK,150.604640,-9.595760,197,0.000000,0.059898,2022/02/09,26.1595,24.625,,,,,,价格差异,不符合价差检查标准,
01 NKA,家乐福,20220207,1031117666,12104383425,12457080,1093,雀巢脆脆鲨鸳鸯奶茶味威化代可可脂巧克力123g,Confec.,4,1031117666YK,747.883776,-0.260224,230,0.000000,0.000348,2022/02/09,10.8254,9.583333,,,,,," ",,